﻿<mockup version="4.4" minAllowVersion="4.3" ID="6F7CCCC1-F43A-434A-9F93-4033A322CDAC" platform="MtMobile" defaultW="1200" defaultH="1920" screenOrientation="MoPortrait" mobileScreenScale="1.77777779102325" measureW="1200" measureH="1920" clipArea="(0,0,0,0)">
  <controls controlCount="44">
    <control controlID="98C5A944-E4FE-4C4B-9028-DDD5F054ADA5" controlTypeID="Image" isShow="True" caption="Taustakuva" x="0" y="0" w="1200" h="1920" measuredW="150" measuredH="150" zOrder="0" locked="False" sizeLocked="False">
      <controlProperties>
        <basic color="4294967295" borderVisible="False" borderColor="4284900966" isAutoSize="False" status="MsEnabled" opacity="1" isCommentCom="False" canMove="True" alias="" rotation="0"/>
        <states/>
        <verticalScrollbarShow>False</verticalScrollbarShow>
        <verticalScrollbarProgress>0</verticalScrollbarProgress>
        <horizontalScrollbarShow>False</horizontalScrollbarShow>
        <horizontalScrollbarProgress>0</horizontalScrollbarProgress>
        <links eventType="AtClick" animate="AmNone" animateAutoDelay="0" animateDuration="500">
          <link targetPageID="" linkType="ltPageLink" isApplyIncludePage="False" title="Link">
            <area shape="0" alt="" ID="{12E369E8-1B1D-42E1-94BF-32CBD446A95B}" coords="(0,0,1200,1920)"/>
          </link>
        </links>
        <interactiveData>
          <entry title="">
            <area shape="0" alt="" ID="{E21963E6-C29C-46A9-B529-565146504C14}" coords="(0,0,1200,1920)"/>
            <events title=""/>
          </entry>
        </interactiveData>
        <rotationAngle>TdZero</rotationAngle>
        <clipShapeType>SbRectangle</clipShapeType>
        <radius>0</radius>
        <radiusIsPercent>False</radiusIsPercent>
        <URL>EBAFC47D873479552A2B1289A226213E.png</URL>
        <FlipHorizontal>False</FlipHorizontal>
        <FlipVertical>False</FlipVertical>
        <fitMode>2</fitMode>
        <showText>True</showText>
      </controlProperties>
    </control>
    <control controlID="FA1872CC-0E23-49B6-BB20-9D47653215E1" controlTypeID="Image" isShow="True" caption="Image" x="840" y="1760" w="360" h="160" measuredW="150" measuredH="150" zOrder="1" locked="False" sizeLocked="False">
      <controlProperties>
        <basic color="4294967295" borderVisible="False" borderColor="4284900966" isAutoSize="False" status="MsEnabled" opacity="1" isCommentCom="False" canMove="True" alias="" rotation="0"/>
        <states/>
        <verticalScrollbarShow>False</verticalScrollbarShow>
        <verticalScrollbarProgress>0</verticalScrollbarProgress>
        <horizontalScrollbarShow>False</horizontalScrollbarShow>
        <horizontalScrollbarProgress>0</horizontalScrollbarProgress>
        <links eventType="AtClick" animate="AmNone" animateAutoDelay="0" animateDuration="500">
          <link targetPageID="" linkType="ltPageLink" isApplyIncludePage="False" title="Link">
            <area shape="0" alt="" ID="{27D849DD-4DA1-4FF9-B63D-7C1D07FE9816}" coords="(0,0,360,160)"/>
          </link>
        </links>
        <interactiveData>
          <entry title="">
            <area shape="0" alt="" ID="{EC5CF7D6-465D-4A74-96DF-08B37D4738AE}" coords="(0,0,360,160)"/>
            <events title=""/>
          </entry>
        </interactiveData>
        <rotationAngle>TdZero</rotationAngle>
        <clipShapeType>SbRectangle</clipShapeType>
        <radius>0</radius>
        <radiusIsPercent>False</radiusIsPercent>
        <URL>6DF9642B2DEF4E52DAB76BC1DD88976A.png</URL>
        <FlipHorizontal>False</FlipHorizontal>
        <FlipVertical>False</FlipVertical>
        <fitMode>2</fitMode>
        <showText>True</showText>
      </controlProperties>
    </control>
    <control controlID="05F9E76A-0421-4570-8AE6-068677BA4DDD" controlTypeID="Image" isShow="True" caption="Image" x="1045" y="25" w="130" h="130" measuredW="150" measuredH="150" zOrder="2" locked="False" sizeLocked="False">
      <controlProperties>
        <basic color="4294967295" borderVisible="False" borderColor="4284900966" isAutoSize="False" status="MsEnabled" opacity="1" isCommentCom="False" canMove="True" alias="" rotation="0"/>
        <states/>
        <verticalScrollbarShow>False</verticalScrollbarShow>
        <verticalScrollbarProgress>0</verticalScrollbarProgress>
        <horizontalScrollbarShow>False</horizontalScrollbarShow>
        <horizontalScrollbarProgress>0</horizontalScrollbarProgress>
        <links eventType="AtClick" animate="AmNone" animateAutoDelay="0" animateDuration="500">
          <link targetPageID="" linkType="ltPageLink" isApplyIncludePage="False" title="Link">
            <area shape="0" alt="" ID="{C2490D3F-8CA2-434A-B787-211ED535D7CA}" coords="(0,0,130,130)"/>
          </link>
        </links>
        <interactiveData>
          <entry title="">
            <area shape="0" alt="" ID="{8FF612A5-FA43-4DD9-B51E-EDAF8A5B6ECC}" coords="(0,0,130,130)"/>
            <events title=""/>
          </entry>
        </interactiveData>
        <rotationAngle>TdZero</rotationAngle>
        <clipShapeType>SbRectangle</clipShapeType>
        <radius>0</radius>
        <radiusIsPercent>False</radiusIsPercent>
        <URL>C90A2F659EFAB4C9CF5DD5EDFC58ECCD.png</URL>
        <FlipHorizontal>False</FlipHorizontal>
        <FlipVertical>False</FlipVertical>
        <fitMode>2</fitMode>
        <showText>True</showText>
      </controlProperties>
    </control>
    <control controlID="276DD83E-76A6-42D1-8D5C-E67AA4DF8FB4" controlTypeID="Image" isShow="True" caption="Image" x="535" y="25" w="130" h="130" measuredW="150" measuredH="150" zOrder="3" locked="False" sizeLocked="False">
      <controlProperties>
        <basic color="4294967295" borderVisible="False" borderColor="4284900966" isAutoSize="False" status="MsEnabled" opacity="1" isCommentCom="False" canMove="True" alias="" rotation="0"/>
        <states/>
        <verticalScrollbarShow>False</verticalScrollbarShow>
        <verticalScrollbarProgress>0</verticalScrollbarProgress>
        <horizontalScrollbarShow>False</horizontalScrollbarShow>
        <horizontalScrollbarProgress>0</horizontalScrollbarProgress>
        <links eventType="AtClick" animate="AmPushLeft" animateAutoDelay="0" animateDuration="500">
          <link targetPageID="" linkType="ltPageLink" isApplyIncludePage="False" title="">
            <area shape="0" alt="" ID="{C2490D3F-8CA2-434A-B787-211ED535D7CA}" coords="(0,0,130,130)"/>
          </link>
        </links>
        <interactiveData>
          <entry title="">
            <area shape="0" alt="" ID="{8FF612A5-FA43-4DD9-B51E-EDAF8A5B6ECC}" coords="(0,0,130,130)"/>
            <events title=""/>
          </entry>
        </interactiveData>
        <rotationAngle>TdZero</rotationAngle>
        <clipShapeType>SbRectangle</clipShapeType>
        <radius>0</radius>
        <radiusIsPercent>False</radiusIsPercent>
        <URL>35E0B99DBE85BC8CC26D95EAD50E0310.png</URL>
        <FlipHorizontal>False</FlipHorizontal>
        <FlipVertical>False</FlipVertical>
        <fitMode>2</fitMode>
        <showText>True</showText>
      </controlProperties>
    </control>
    <control controlID="A632B27D-9792-400B-9E61-E897ACC67EF1" controlTypeID="Shape" isShow="True" caption="Shape" x="519" y="10" w="160" h="160" measuredW="120" measuredH="100" zOrder="4" locked="False" sizeLocked="False">
      <controlProperties>
        <basic color="1073741824" borderVisible="True" borderColor="4294967295" isAutoSize="False" status="MsEnabled" opacity="1" isCommentCom="False" canMove="True" alias="" rotation="0"/>
        <states>
          <state propName="Color" stateType="state_mouseOver" isChecked="True" value="1090519039" varType="20"/>
          <state propName="Color" stateType="state_mouseDown" isChecked="True" value="1946157055" varType="20"/>
        </states>
        <verticalScrollbarShow>False</verticalScrollbarShow>
        <verticalScrollbarProgress>0</verticalScrollbarProgress>
        <horizontalScrollbarShow>False</horizontalScrollbarShow>
        <horizontalScrollbarProgress>0</horizontalScrollbarProgress>
        <links eventType="AtClick" animate="AmPushLeft" animateAutoDelay="0" animateDuration="500">
          <link targetPageID="99CD03DC-7039-4329-93B7-2674B27C45C3" linkType="ltPageLink" isApplyIncludePage="False" title="Uusi+Maksu">
            <area shape="0" alt="" ID="{8E02A9DF-6D1D-4CD4-A9F0-741AFC41EFA2}" coords="(0,0,160,160)"/>
          </link>
        </links>
        <interactiveData>
          <entry title="">
            <area shape="0" alt="" ID="{9D9DB097-9C45-4AB1-8241-0D793498F4D6}" coords="(0,0,160,160)"/>
            <events title=""/>
          </entry>
        </interactiveData>
        <textSet textColor="4278190080" textSize="14" lineSpacingMultiple="1" textAlign="HaCenter" textVAlign="VaMiddle" textWordWrap="True" lineSpacing="17" textStyles="[]" useDefaultTextSize="True">
          <font family="Lato" displayName="Lato+Regular" postScript="" weightStyle="Regular" weight="400" isBold="False" isItalic="False"/>
        </textSet>
        <selectedIndex>-1</selectedIndex>
        <selectedColor>4282501083</selectedColor>
        <textPadding>0</textPadding>
        <shapeBorderType>SbRectangle</shapeBorderType>
        <triangleType>TdZero</triangleType>
        <dashMode>SdSolid</dashMode>
        <rectangleBorderLeftVisible>True</rectangleBorderLeftVisible>
        <rectangleBorderRightVisible>True</rectangleBorderRightVisible>
        <rectangleBorderTopVisible>True</rectangleBorderTopVisible>
        <rectangleBorderBottomVisible>True</rectangleBorderBottomVisible>
        <radius>4</radius>
        <radiusIsPercent>False</radiusIsPercent>
        <thickness>3</thickness>
      </controlProperties>
    </control>
    <control controlID="4CF96F7E-A305-4957-8816-8BC039939A3B" controlTypeID="Image" isShow="True" caption="Image" x="704" y="25" w="130" h="130" measuredW="150" measuredH="150" zOrder="5" locked="False" sizeLocked="False">
      <controlProperties>
        <basic color="4294967295" borderVisible="False" borderColor="4284900966" isAutoSize="False" status="MsEnabled" opacity="1" isCommentCom="False" canMove="True" alias="" rotation="0"/>
        <states/>
        <verticalScrollbarShow>False</verticalScrollbarShow>
        <verticalScrollbarProgress>0</verticalScrollbarProgress>
        <horizontalScrollbarShow>False</horizontalScrollbarShow>
        <horizontalScrollbarProgress>0</horizontalScrollbarProgress>
        <links eventType="AtClick" animate="AmNone" animateAutoDelay="0" animateDuration="500">
          <link targetPageID="" linkType="ltPageLink" isApplyIncludePage="False" title="Link">
            <area shape="0" alt="" ID="{C2490D3F-8CA2-434A-B787-211ED535D7CA}" coords="(0,0,130,130)"/>
          </link>
        </links>
        <interactiveData>
          <entry title="">
            <area shape="0" alt="" ID="{8FF612A5-FA43-4DD9-B51E-EDAF8A5B6ECC}" coords="(0,0,130,130)"/>
            <events title=""/>
          </entry>
        </interactiveData>
        <rotationAngle>TdZero</rotationAngle>
        <clipShapeType>SbRectangle</clipShapeType>
        <radius>0</radius>
        <radiusIsPercent>False</radiusIsPercent>
        <URL>4ACA24AF4DE476255B58E23023D324F1.png</URL>
        <FlipHorizontal>False</FlipHorizontal>
        <FlipVertical>False</FlipVertical>
        <fitMode>2</fitMode>
        <showText>True</showText>
      </controlProperties>
    </control>
    <control controlID="925E710B-8299-4582-94CF-CF79E452B5EB" controlTypeID="Shape" isShow="True" caption="Shape" x="689" y="10" w="160" h="160" measuredW="120" measuredH="100" zOrder="6" locked="False" sizeLocked="False">
      <controlProperties>
        <basic color="1073741824" borderVisible="True" borderColor="4294967295" isAutoSize="False" status="MsEnabled" opacity="1" isCommentCom="False" canMove="True" alias="" rotation="0"/>
        <states>
          <state propName="Color" stateType="state_mouseOver" isChecked="True" value="1090519039" varType="20"/>
          <state propName="Color" stateType="state_mouseDown" isChecked="True" value="1946157055" varType="20"/>
        </states>
        <verticalScrollbarShow>False</verticalScrollbarShow>
        <verticalScrollbarProgress>0</verticalScrollbarProgress>
        <horizontalScrollbarShow>False</horizontalScrollbarShow>
        <horizontalScrollbarProgress>0</horizontalScrollbarProgress>
        <links eventType="AtClick" animate="AmPushLeft" animateAutoDelay="0" animateDuration="500">
          <link targetPageID="7C848527-4B31-45A7-8129-683ACD86E1C9" linkType="ltPageLink" isApplyIncludePage="False" title="Hallinta">
            <area shape="0" alt="" ID="{8E02A9DF-6D1D-4CD4-A9F0-741AFC41EFA2}" coords="(0,0,160,160)"/>
          </link>
        </links>
        <interactiveData>
          <entry title="">
            <area shape="0" alt="" ID="{9D9DB097-9C45-4AB1-8241-0D793498F4D6}" coords="(0,0,160,160)"/>
            <events title=""/>
          </entry>
        </interactiveData>
        <textSet textColor="4278190080" textSize="14" lineSpacingMultiple="1" textAlign="HaCenter" textVAlign="VaMiddle" textWordWrap="True" lineSpacing="17" textStyles="[]" useDefaultTextSize="True">
          <font family="Lato" displayName="Lato+Regular" postScript="" weightStyle="Regular" weight="400" isBold="False" isItalic="False"/>
        </textSet>
        <selectedIndex>-1</selectedIndex>
        <selectedColor>4282501083</selectedColor>
        <textPadding>0</textPadding>
        <shapeBorderType>SbRectangle</shapeBorderType>
        <triangleType>TdZero</triangleType>
        <dashMode>SdSolid</dashMode>
        <rectangleBorderLeftVisible>True</rectangleBorderLeftVisible>
        <rectangleBorderRightVisible>True</rectangleBorderRightVisible>
        <rectangleBorderTopVisible>True</rectangleBorderTopVisible>
        <rectangleBorderBottomVisible>True</rectangleBorderBottomVisible>
        <radius>4</radius>
        <radiusIsPercent>False</radiusIsPercent>
        <thickness>3</thickness>
      </controlProperties>
    </control>
    <control controlID="022B8F78-2EEF-44C8-B579-1934CCCEADE0" controlTypeID="Image" isShow="True" caption="Image" x="25" y="25" w="130" h="130" measuredW="150" measuredH="150" zOrder="7" locked="False" sizeLocked="False">
      <controlProperties>
        <basic color="4294967295" borderVisible="False" borderColor="4284900966" isAutoSize="False" status="MsEnabled" opacity="1" isCommentCom="False" canMove="True" alias="" rotation="0"/>
        <states/>
        <verticalScrollbarShow>False</verticalScrollbarShow>
        <verticalScrollbarProgress>0</verticalScrollbarProgress>
        <horizontalScrollbarShow>False</horizontalScrollbarShow>
        <horizontalScrollbarProgress>0</horizontalScrollbarProgress>
        <links eventType="AtClick" animate="AmNone" animateAutoDelay="0" animateDuration="500">
          <link targetPageID="" linkType="ltPageLink" isApplyIncludePage="False" title="Link">
            <area shape="0" alt="" ID="{C2490D3F-8CA2-434A-B787-211ED535D7CA}" coords="(0,0,130,130)"/>
          </link>
        </links>
        <interactiveData>
          <entry title="">
            <area shape="0" alt="" ID="{8FF612A5-FA43-4DD9-B51E-EDAF8A5B6ECC}" coords="(0,0,130,130)"/>
            <events title=""/>
          </entry>
        </interactiveData>
        <rotationAngle>TdZero</rotationAngle>
        <clipShapeType>SbRectangle</clipShapeType>
        <radius>0</radius>
        <radiusIsPercent>False</radiusIsPercent>
        <URL>18E9BAFFB210BB96FED42AB3039EFCEE.png</URL>
        <FlipHorizontal>False</FlipHorizontal>
        <FlipVertical>False</FlipVertical>
        <fitMode>2</fitMode>
        <showText>True</showText>
      </controlProperties>
    </control>
    <control controlID="AF92B274-3B78-4E59-97CE-B61F28745639" controlTypeID="Shape" isShow="True" caption="Shape" x="10" y="10" w="160" h="160" measuredW="120" measuredH="100" zOrder="8" locked="False" sizeLocked="False">
      <controlProperties>
        <basic color="1073741824" borderVisible="True" borderColor="4294967295" isAutoSize="False" status="MsEnabled" opacity="1" isCommentCom="False" canMove="True" alias="" rotation="0"/>
        <states>
          <state propName="Color" stateType="state_mouseOver" isChecked="True" value="1090519039" varType="20"/>
          <state propName="Color" stateType="state_mouseDown" isChecked="True" value="1946157055" varType="20"/>
        </states>
        <verticalScrollbarShow>False</verticalScrollbarShow>
        <verticalScrollbarProgress>0</verticalScrollbarProgress>
        <horizontalScrollbarShow>False</horizontalScrollbarShow>
        <horizontalScrollbarProgress>0</horizontalScrollbarProgress>
        <links eventType="AtClick" animate="AmPushLeft" animateAutoDelay="0" animateDuration="500">
          <link targetPageID="6F7CCCC1-F43A-434A-9F93-4033A322CDAC" linkType="ltPageLink" isApplyIncludePage="False" title="P%C3%A4%C3%A4n%C3%A4kym%C3%A4">
            <area shape="0" alt="" ID="{8E02A9DF-6D1D-4CD4-A9F0-741AFC41EFA2}" coords="(0,0,160,160)"/>
          </link>
        </links>
        <interactiveData>
          <entry title="">
            <area shape="0" alt="" ID="{9D9DB097-9C45-4AB1-8241-0D793498F4D6}" coords="(0,0,160,160)"/>
            <events title=""/>
          </entry>
        </interactiveData>
        <textSet textColor="4278190080" textSize="14" lineSpacingMultiple="1" textAlign="HaCenter" textVAlign="VaMiddle" textWordWrap="True" lineSpacing="17" textStyles="[]" useDefaultTextSize="True">
          <font family="Lato" displayName="Lato+Regular" postScript="" weightStyle="Regular" weight="400" isBold="False" isItalic="False"/>
        </textSet>
        <selectedIndex>-1</selectedIndex>
        <selectedColor>4282501083</selectedColor>
        <textPadding>0</textPadding>
        <shapeBorderType>SbRectangle</shapeBorderType>
        <triangleType>TdZero</triangleType>
        <dashMode>SdSolid</dashMode>
        <rectangleBorderLeftVisible>True</rectangleBorderLeftVisible>
        <rectangleBorderRightVisible>True</rectangleBorderRightVisible>
        <rectangleBorderTopVisible>True</rectangleBorderTopVisible>
        <rectangleBorderBottomVisible>True</rectangleBorderBottomVisible>
        <radius>4</radius>
        <radiusIsPercent>False</radiusIsPercent>
        <thickness>3</thickness>
      </controlProperties>
    </control>
    <control controlID="8E2260F1-1AF8-43E0-95FA-8436928AC757" controlTypeID="Shape" isShow="True" caption="Shape" x="133" y="390" w="925" h="1321" measuredW="120" measuredH="100" zOrder="9" locked="False" sizeLocked="False">
      <controlProperties>
        <basic color="1073741824" borderVisible="False" borderColor="4294967295" isAutoSize="False" status="MsEnabled" opacity="1" isCommentCom="False" canMove="True" alias="" rotation="0"/>
        <states/>
        <verticalScrollbarShow>False</verticalScrollbarShow>
        <verticalScrollbarProgress>0</verticalScrollbarProgress>
        <horizontalScrollbarShow>False</horizontalScrollbarShow>
        <horizontalScrollbarProgress>0</horizontalScrollbarProgress>
        <links eventType="AtClick" animate="AmNone" animateAutoDelay="0" animateDuration="500">
          <link targetPageID="" linkType="ltPageLink" isApplyIncludePage="False" title="Link">
            <area shape="0" alt="" ID="{8E02A9DF-6D1D-4CD4-A9F0-741AFC41EFA2}" coords="(0,0,925,1321)"/>
          </link>
        </links>
        <interactiveData>
          <entry title="">
            <area shape="0" alt="" ID="{9D9DB097-9C45-4AB1-8241-0D793498F4D6}" coords="(0,0,925,1321)"/>
            <events title=""/>
          </entry>
        </interactiveData>
        <textSet textColor="4278190080" textSize="14" lineSpacingMultiple="1" textAlign="HaCenter" textVAlign="VaMiddle" textWordWrap="True" lineSpacing="17" textStyles="[]" useDefaultTextSize="True">
          <font family="Lato" displayName="Lato+Regular" postScript="" weightStyle="Regular" weight="400" isBold="False" isItalic="False"/>
        </textSet>
        <selectedIndex>-1</selectedIndex>
        <selectedColor>4282501083</selectedColor>
        <textPadding>0</textPadding>
        <shapeBorderType>SbRectangle</shapeBorderType>
        <triangleType>TdZero</triangleType>
        <dashMode>SdSolid</dashMode>
        <rectangleBorderLeftVisible>True</rectangleBorderLeftVisible>
        <rectangleBorderRightVisible>True</rectangleBorderRightVisible>
        <rectangleBorderTopVisible>True</rectangleBorderTopVisible>
        <rectangleBorderBottomVisible>True</rectangleBorderBottomVisible>
        <radius>4</radius>
        <radiusIsPercent>False</radiusIsPercent>
        <thickness>3</thickness>
      </controlProperties>
    </control>
    <control controlID="F9955F21-7C2B-4BE4-A48F-92DD1FD929FE" controlTypeID="TextInput" isShow="True" caption="K%C3%A4ytt%C3%A4j%C3%A4tunnus" x="259" y="500" w="572" h="100" measuredW="138" measuredH="36" zOrder="10" locked="False" sizeLocked="False">
      <controlProperties>
        <basic color="1073741824" borderVisible="True" borderColor="4294967295" isAutoSize="False" status="MsEnabled" opacity="1" isCommentCom="False" canMove="True" alias="" rotation="0"/>
        <states/>
        <verticalScrollbarShow>False</verticalScrollbarShow>
        <verticalScrollbarProgress>0</verticalScrollbarProgress>
        <horizontalScrollbarShow>False</horizontalScrollbarShow>
        <horizontalScrollbarProgress>0</horizontalScrollbarProgress>
        <links eventType="AtClick" animate="AmNone" animateAutoDelay="0" animateDuration="500">
          <link targetPageID="" linkType="ltPageLink" isApplyIncludePage="False" title="Link">
            <area shape="0" alt="" ID="{88D79EEB-12A3-4F49-839B-6DE303181927}" coords="(0,0,572,100)"/>
          </link>
        </links>
        <interactiveData>
          <entry title="">
            <area shape="0" alt="" ID="{2C7C7E8F-155B-4B75-8AD2-CB73EE0C2259}" coords="(0,0,572,100)"/>
            <events title=""/>
          </entry>
        </interactiveData>
        <textSet textColor="4294967295" textSize="60" lineSpacingMultiple="1" textAlign="HaCenter" textVAlign="VaMiddle" textWordWrap="True" lineSpacing="72" textStyles="[fsBold]" useDefaultTextSize="False">
          <font family="Lato" displayName="Lato+Bold" postScript="" weightStyle="Bold" weight="700" isBold="True" isItalic="False"/>
          <text>1394%2C50+%E2%82%AC</text>
        </textSet>
        <selectedIndex>-1</selectedIndex>
        <selectedColor>4282501083</selectedColor>
        <textPadding>0</textPadding>
        <canInput>False</canInput>
      </controlProperties>
    </control>
    <control controlID="A0D15376-3BEC-4DE2-9A55-2DFDFD4BBCF7" controlTypeID="Button" isShow="True" caption="Button" x="407" y="1583" w="386" h="71" measuredW="78" measuredH="36" zOrder="11" locked="False" sizeLocked="False">
      <controlProperties>
        <basic color="1073741824" borderVisible="True" borderColor="4294967295" isAutoSize="False" status="MsEnabled" opacity="1" isCommentCom="False" canMove="True" alias="" rotation="0"/>
        <states>
          <state propName="Color" stateType="state_mouseOver" isChecked="True" value="1088615164" varType="20"/>
          <state propName="Color" stateType="state_mouseDown" isChecked="True" value="1944253180" varType="20"/>
        </states>
        <verticalScrollbarShow>False</verticalScrollbarShow>
        <verticalScrollbarProgress>0</verticalScrollbarProgress>
        <horizontalScrollbarShow>False</horizontalScrollbarShow>
        <horizontalScrollbarProgress>0</horizontalScrollbarProgress>
        <links eventType="AtClick" animate="AmPushLeft" animateAutoDelay="0" animateDuration="500">
          <link targetPageID="99CD03DC-7039-4329-93B7-2674B27C45C3" linkType="ltPageLink" isApplyIncludePage="False" title="Uusi+Maksu">
            <area shape="0" alt="" ID="{30920718-D62B-4943-A59C-0CE4D0014AA2}" coords="(0,0,386,71)"/>
          </link>
        </links>
        <interactiveData>
          <entry title="">
            <area shape="0" alt="" ID="{5B97CEAC-D20B-4091-8C12-E8F5598AA2E2}" coords="(0,0,386,71)"/>
            <events title=""/>
          </entry>
        </interactiveData>
        <textSet textColor="4294967295" textSize="32" lineSpacingMultiple="1" textAlign="HaCenter" textVAlign="VaMiddle" textWordWrap="True" lineSpacing="38" textStyles="[fsBold]" useDefaultTextSize="False">
          <font family="Lato" displayName="Lato+Bold" postScript="" weightStyle="Bold" weight="700" isBold="True" isItalic="False"/>
          <text>UUSI+MAKSU</text>
        </textSet>
        <selectedIndex>-1</selectedIndex>
        <selectedColor>4282501083</selectedColor>
        <textPadding>0</textPadding>
        <radius>8</radius>
        <radiusIsPercent>False</radiusIsPercent>
        <buttonStatus>BsNormal</buttonStatus>
        <thickness>3</thickness>
        <isAutoTextColor>False</isAutoTextColor>
        <borderColor>4294967295</borderColor>
      </controlProperties>
    </control>
    <control controlID="DF7BCBCB-A7DB-47F6-9D89-1E9795524D04" controlTypeID="Label" isShow="True" caption="Label" x="474" y="418" w="244" h="72" measuredW="0" measuredH="0" zOrder="12" locked="False" sizeLocked="False">
      <controlProperties>
        <basic color="0" borderVisible="True" borderColor="4284900966" isAutoSize="True" status="MsEnabled" opacity="1" isCommentCom="False" canMove="True" alias="" rotation="0"/>
        <states/>
        <verticalScrollbarShow>False</verticalScrollbarShow>
        <verticalScrollbarProgress>0</verticalScrollbarProgress>
        <horizontalScrollbarShow>False</horizontalScrollbarShow>
        <horizontalScrollbarProgress>0</horizontalScrollbarProgress>
        <links eventType="AtClick" animate="AmNone" animateAutoDelay="0" animateDuration="500">
          <link targetPageID="" linkType="ltPageLink" isApplyIncludePage="False" title="Link">
            <area shape="0" alt="" ID="{536C5A5B-1149-4984-8F89-70B96CAD880A}" coords="(0,0,244,72)"/>
          </link>
        </links>
        <interactiveData>
          <entry title="">
            <area shape="0" alt="" ID="{4CC47450-332E-4B5F-AB69-571ADA8100F2}" coords="(0,0,244,72)"/>
            <events title=""/>
          </entry>
        </interactiveData>
        <textSet textColor="4294967295" textSize="60" lineSpacingMultiple="1" textAlign="HaLeft" textVAlign="VaTop" textWordWrap="True" lineSpacing="72" textStyles="[]" useDefaultTextSize="False">
          <font family="Lato" displayName="Lato+Regular" postScript="" weightStyle="Regular" weight="400" isBold="False" isItalic="False"/>
          <text>K%C3%A4ytt%C3%B6tili</text>
        </textSet>
        <selectedIndex>-1</selectedIndex>
        <selectedColor>4282501083</selectedColor>
        <textPadding>0</textPadding>
      </controlProperties>
    </control>
    <control controlID="96E7CD51-3D3F-4E79-9842-D1E5772E34C0" controlTypeID="Shape" isShow="True" caption="Shape" x="215" y="698" w="762" h="721" measuredW="120" measuredH="100" zOrder="13" locked="False" sizeLocked="False">
      <controlProperties>
        <basic color="4294967295" borderVisible="False" borderColor="4284900966" isAutoSize="False" status="MsEnabled" opacity="1" isCommentCom="False" canMove="True" alias="" rotation="0"/>
        <states/>
        <verticalScrollbarShow>False</verticalScrollbarShow>
        <verticalScrollbarProgress>0</verticalScrollbarProgress>
        <horizontalScrollbarShow>False</horizontalScrollbarShow>
        <horizontalScrollbarProgress>0</horizontalScrollbarProgress>
        <links eventType="AtClick" animate="AmNone" animateAutoDelay="0" animateDuration="500">
          <link targetPageID="" linkType="ltPageLink" isApplyIncludePage="False" title="Link">
            <area shape="0" alt="" ID="{A6676756-3CC6-4F3A-9743-CA0B1A77C30A}" coords="(0,0,762,721)"/>
          </link>
        </links>
        <interactiveData>
          <entry title="">
            <area shape="0" alt="" ID="{0D973ED6-B9EB-4AD3-A489-E9B0CE7B8811}" coords="(0,0,762,721)"/>
            <events title=""/>
          </entry>
        </interactiveData>
        <textSet textColor="4278190080" textSize="14" lineSpacingMultiple="1" textAlign="HaCenter" textVAlign="VaMiddle" textWordWrap="True" lineSpacing="17" textStyles="[]" useDefaultTextSize="True">
          <font family="Lato" displayName="Lato+Regular" postScript="" weightStyle="Regular" weight="400" isBold="False" isItalic="False"/>
        </textSet>
        <selectedIndex>-1</selectedIndex>
        <selectedColor>4282501083</selectedColor>
        <textPadding>0</textPadding>
        <shapeBorderType>SbRectangle</shapeBorderType>
        <triangleType>TdZero</triangleType>
        <dashMode>SdSolid</dashMode>
        <rectangleBorderLeftVisible>True</rectangleBorderLeftVisible>
        <rectangleBorderRightVisible>True</rectangleBorderRightVisible>
        <rectangleBorderTopVisible>True</rectangleBorderTopVisible>
        <rectangleBorderBottomVisible>True</rectangleBorderBottomVisible>
        <radius>4</radius>
        <radiusIsPercent>False</radiusIsPercent>
        <thickness>1</thickness>
      </controlProperties>
    </control>
    <control controlID="ABC8C695-7397-4A87-A13D-7EEED936449E" controlTypeID="Label" isShow="True" caption="Label" x="374" y="640" w="452" h="48" measuredW="0" measuredH="0" zOrder="14" locked="False" sizeLocked="False">
      <controlProperties>
        <basic color="0" borderVisible="True" borderColor="4284900966" isAutoSize="True" status="MsEnabled" opacity="1" isCommentCom="False" canMove="True" alias="" rotation="0"/>
        <states/>
        <verticalScrollbarShow>False</verticalScrollbarShow>
        <verticalScrollbarProgress>0</verticalScrollbarProgress>
        <horizontalScrollbarShow>False</horizontalScrollbarShow>
        <horizontalScrollbarProgress>0</horizontalScrollbarProgress>
        <links eventType="AtClick" animate="AmNone" animateAutoDelay="0" animateDuration="500">
          <link targetPageID="" linkType="ltPageLink" isApplyIncludePage="False" title="Link">
            <area shape="0" alt="" ID="{536C5A5B-1149-4984-8F89-70B96CAD880A}" coords="(0,0,452,48)"/>
          </link>
        </links>
        <interactiveData>
          <entry title="">
            <area shape="0" alt="" ID="{4CC47450-332E-4B5F-AB69-571ADA8100F2}" coords="(0,0,452,48)"/>
            <events title=""/>
          </entry>
        </interactiveData>
        <textSet textColor="4294967295" textSize="40" lineSpacingMultiple="1" textAlign="HaLeft" textVAlign="VaTop" textWordWrap="True" lineSpacing="48" textStyles="[]" useDefaultTextSize="False">
          <font family="Lato" displayName="Lato+Regular" postScript="" weightStyle="Regular" weight="400" isBold="False" isItalic="False"/>
          <text>Viimeisimm%C3%A4t+tapahtumat</text>
        </textSet>
        <selectedIndex>-1</selectedIndex>
        <selectedColor>4282501083</selectedColor>
        <textPadding>0</textPadding>
      </controlProperties>
    </control>
    <control controlID="90E23E9D-4BAA-4869-907D-10FDB9D74B91" controlTypeID="__group__" isShow="True" caption="Group" x="841" y="500" w="100" h="100" measuredW="0" measuredH="0" zOrder="15" locked="False" sizeLocked="False">
      <controlProperties>
        <basic color="4294967295" borderVisible="True" borderColor="4284900966" isAutoSize="False" status="MsEnabled" opacity="1" isCommentCom="False" canMove="True" alias="" rotation="0"/>
        <states/>
        <verticalScrollbarShow>False</verticalScrollbarShow>
        <verticalScrollbarProgress>0</verticalScrollbarProgress>
        <horizontalScrollbarShow>False</horizontalScrollbarShow>
        <horizontalScrollbarProgress>0</horizontalScrollbarProgress>
        <links eventType="AtClick" animate="AmNone" animateAutoDelay="0" animateDuration="500">
          <link targetPageID="" linkType="ltPageLink" isApplyIncludePage="False" title="Link">
            <area shape="0" alt="" ID="{FB51C5D6-0CED-44BD-AB79-A723CD903C0F}" coords="(0,0,100,100)"/>
          </link>
        </links>
        <interactiveData>
          <entry title="">
            <area shape="0" alt="" ID="{05E74BE4-9406-471F-9F93-5B5F337A8081}" coords="(0,0,100,100)"/>
            <events title=""/>
          </entry>
        </interactiveData>
        <groupChildrenDescriptors>
          <control controlID="904A7378-5070-40AD-A34D-65EC70236DBF" controlTypeID="Image" isShow="True" caption="Image" x="0" y="0" w="100" h="100" measuredW="150" measuredH="150" zOrder="0" locked="False" sizeLocked="False">
            <controlProperties>
              <basic color="4294967295" borderVisible="False" borderColor="4284900966" isAutoSize="False" status="MsEnabled" opacity="1" isCommentCom="False" canMove="True" alias="" rotation="0"/>
              <states/>
              <verticalScrollbarShow>False</verticalScrollbarShow>
              <verticalScrollbarProgress>0</verticalScrollbarProgress>
              <horizontalScrollbarShow>False</horizontalScrollbarShow>
              <horizontalScrollbarProgress>0</horizontalScrollbarProgress>
              <links eventType="AtClick" animate="AmNone" animateAutoDelay="0" animateDuration="500">
                <link targetPageID="" linkType="ltPageLink" isApplyIncludePage="False" title="">
                  <area shape="0" alt="" ID="{1B57A2F2-2397-44C9-BD9E-C9F5F58C2442}" coords="(0,0,100,100)"/>
                </link>
              </links>
              <interactiveData>
                <entry title="">
                  <area shape="0" alt="" ID="{610F0908-70F4-43CA-8689-E4E5FE623DC1}" coords="(0,0,100,100)"/>
                  <events title=""/>
                </entry>
              </interactiveData>
              <rotationAngle>TdZero</rotationAngle>
              <clipShapeType>SbRectangle</clipShapeType>
              <radius>0</radius>
              <radiusIsPercent>False</radiusIsPercent>
              <URL>8BFF65D62DCE30D1D1CBCC0024F315FD.png</URL>
              <FlipHorizontal>False</FlipHorizontal>
              <FlipVertical>False</FlipVertical>
              <fitMode>2</fitMode>
              <showText>True</showText>
            </controlProperties>
          </control>
          <control controlID="DF82BE94-DD2F-44FA-A885-619834455E41" controlTypeID="Shape" isShow="True" caption="Shape" x="0" y="0" w="100" h="100" measuredW="120" measuredH="100" zOrder="1" locked="False" sizeLocked="False">
            <controlProperties>
              <basic color="1073741824" borderVisible="True" borderColor="4294967295" isAutoSize="False" status="MsEnabled" opacity="1" isCommentCom="False" canMove="True" alias="" rotation="0"/>
              <states>
                <state propName="Color" stateType="state_mouseOver" isChecked="True" value="1090519039" varType="20"/>
                <state propName="Color" stateType="state_mouseDown" isChecked="True" value="1946157055" varType="20"/>
              </states>
              <verticalScrollbarShow>False</verticalScrollbarShow>
              <verticalScrollbarProgress>0</verticalScrollbarProgress>
              <horizontalScrollbarShow>False</horizontalScrollbarShow>
              <horizontalScrollbarProgress>0</horizontalScrollbarProgress>
              <links eventType="AtClick" animate="AmNone" animateAutoDelay="0" animateDuration="500">
                <link targetPageID="" linkType="ltPageLink" isApplyIncludePage="False" title="Link">
                  <area shape="0" alt="" ID="{DE035908-F9A7-4FD0-BD19-991857814C38}" coords="(0,0,100,100)"/>
                </link>
              </links>
              <interactiveData>
                <entry title="">
                  <area shape="0" alt="" ID="{0A1EEEC1-4B36-452D-BEC7-48A767CCCE19}" coords="(0,0,100,100)"/>
                  <events title="">
                    <event eventType="atClick" isChecked="True">
                      <behaviour title="" isChecked="True" isWait="False" isLoop="False" execMode="emParallel">
                        <target targetID="E5D1C4A6-9FE9-4283-A4B6-0DB1D02F6DA7" isChecked="True" isAutoRecovery="False" isLoop="False" execMode="emSequence">
                          <command name="Popup State Change" isChecked="True" descrition="">
                            <param name="AniInterpolation" value="0" varType="3" description=""/>
                            <param name="AniDuration" value="200" varType="3" description=""/>
                            <param name="AniAutoReverse" value="False" varType="11" description=""/>
                            <param name="AniLoop" value="False" varType="11" description=""/>
                            <param name="AniInterpolationTypeOut" value="False" varType="11" description=""/>
                            <param name="Delay" value="0" varType="3" description=""/>
                            <param name="Value" value="2" varType="3" description=""/>
                            <param name="AniType" value="0" varType="3" description=""/>
                          </command>
                        </target>
                      </behaviour>
                    </event>
                  </events>
                </entry>
              </interactiveData>
              <textSet textColor="4278190080" textSize="14" lineSpacingMultiple="1" textAlign="HaCenter" textVAlign="VaMiddle" textWordWrap="True" lineSpacing="17" textStyles="[]" useDefaultTextSize="True">
                <font family="Lato" displayName="Lato+Regular" postScript="" weightStyle="Regular" weight="400" isBold="False" isItalic="False"/>
              </textSet>
              <selectedIndex>-1</selectedIndex>
              <selectedColor>4282501083</selectedColor>
              <textPadding>0</textPadding>
              <shapeBorderType>SbRectangle</shapeBorderType>
              <triangleType>TdZero</triangleType>
              <dashMode>SdSolid</dashMode>
              <rectangleBorderLeftVisible>True</rectangleBorderLeftVisible>
              <rectangleBorderRightVisible>True</rectangleBorderRightVisible>
              <rectangleBorderTopVisible>True</rectangleBorderTopVisible>
              <rectangleBorderBottomVisible>True</rectangleBorderBottomVisible>
              <radius>0</radius>
              <radiusIsPercent>False</radiusIsPercent>
              <thickness>1</thickness>
            </controlProperties>
          </control>
        </groupChildrenDescriptors>
      </controlProperties>
    </control>
    <control controlID="7222EF46-0DB1-4EE6-8BDB-65087168FEA1" controlTypeID="TextArea" isShow="True" caption="Text+Area" x="225" y="708" w="171" h="695" measuredW="0" measuredH="126" zOrder="16" locked="False" sizeLocked="False">
      <controlProperties>
        <basic color="16777215" borderVisible="False" borderColor="4284900966" isAutoSize="False" status="MsEnabled" opacity="1" isCommentCom="False" canMove="True" alias="" rotation="0"/>
        <states/>
        <verticalScrollbarShow>False</verticalScrollbarShow>
        <verticalScrollbarProgress>0</verticalScrollbarProgress>
        <horizontalScrollbarShow>False</horizontalScrollbarShow>
        <horizontalScrollbarProgress>0</horizontalScrollbarProgress>
        <links eventType="AtClick" animate="AmNone" animateAutoDelay="0" animateDuration="500">
          <link targetPageID="" linkType="ltPageLink" isApplyIncludePage="False" title="Link">
            <area shape="0" alt="" ID="{0C69F62D-AACC-48DB-9461-15EC2A4AF420}" coords="(0,0,171,695)"/>
          </link>
        </links>
        <interactiveData>
          <entry title="">
            <area shape="0" alt="" ID="{2152D470-9E28-4D08-99CE-58957CE28CFE}" coords="(0,0,171,695)"/>
            <events title=""/>
          </entry>
        </interactiveData>
        <textSet textColor="4278190080" textSize="38" lineSpacingMultiple="1.20000004768372" textAlign="HaRight" textVAlign="VaTop" textWordWrap="True" lineSpacing="55" textStyles="[]" useDefaultTextSize="False">
          <font family="Lato" displayName="Lato+Regular" postScript="" weightStyle="Regular" weight="400" isBold="False" isItalic="False"/>
          <text>19.1.2016%0D%0A17.1.2016%0D%0A12.1.2016%0D%0A+5.1.2016</text>
        </textSet>
        <selectedIndex>-1</selectedIndex>
        <selectedColor>4282501083</selectedColor>
        <textPadding>0</textPadding>
      </controlProperties>
    </control>
    <control controlID="1ECE2E78-406A-4FC9-8DCA-60524FD6FF60" controlTypeID="TextArea" isShow="True" caption="Text+Area" x="454" y="707" w="316" h="695" measuredW="0" measuredH="126" zOrder="17" locked="False" sizeLocked="False">
      <controlProperties>
        <basic color="16777215" borderVisible="False" borderColor="4284900966" isAutoSize="False" status="MsEnabled" opacity="1" isCommentCom="False" canMove="True" alias="" rotation="0"/>
        <states/>
        <verticalScrollbarShow>False</verticalScrollbarShow>
        <verticalScrollbarProgress>0</verticalScrollbarProgress>
        <horizontalScrollbarShow>False</horizontalScrollbarShow>
        <horizontalScrollbarProgress>0</horizontalScrollbarProgress>
        <links eventType="AtClick" animate="AmNone" animateAutoDelay="0" animateDuration="500">
          <link targetPageID="" linkType="ltPageLink" isApplyIncludePage="False" title="Link">
            <area shape="0" alt="" ID="{0C69F62D-AACC-48DB-9461-15EC2A4AF420}" coords="(0,0,316,695)"/>
          </link>
        </links>
        <interactiveData>
          <entry title="">
            <area shape="0" alt="" ID="{2152D470-9E28-4D08-99CE-58957CE28CFE}" coords="(0,0,316,695)"/>
            <events title=""/>
          </entry>
        </interactiveData>
        <textSet textColor="4278190080" textSize="38" lineSpacingMultiple="1.20000004768372" textAlign="HaLeft" textVAlign="VaTop" textWordWrap="False" lineSpacing="55" textStyles="[]" useDefaultTextSize="False">
          <font family="Lato" displayName="Lato+Regular" postScript="" weightStyle="Regular" weight="400" isBold="False" isItalic="False"/>
          <text>Maija+Meik%C3%A4l%C3%A4inen%0D%0ATaksi+Oy%0D%0AErkki+Esimerkki%0D%0AKauppa</text>
        </textSet>
        <selectedIndex>-1</selectedIndex>
        <selectedColor>4282501083</selectedColor>
        <textPadding>0</textPadding>
      </controlProperties>
    </control>
    <control controlID="33D7A609-FF1F-4DEF-BC64-00C7CCAAE0C0" controlTypeID="TextArea" isShow="True" caption="Text+Area" x="780" y="707" w="178" h="695" measuredW="0" measuredH="126" zOrder="18" locked="False" sizeLocked="False">
      <controlProperties>
        <basic color="16777215" borderVisible="False" borderColor="4284900966" isAutoSize="False" status="MsEnabled" opacity="1" isCommentCom="False" canMove="True" alias="" rotation="0"/>
        <states/>
        <verticalScrollbarShow>False</verticalScrollbarShow>
        <verticalScrollbarProgress>0</verticalScrollbarProgress>
        <horizontalScrollbarShow>False</horizontalScrollbarShow>
        <horizontalScrollbarProgress>0</horizontalScrollbarProgress>
        <links eventType="AtClick" animate="AmNone" animateAutoDelay="0" animateDuration="500">
          <link targetPageID="" linkType="ltPageLink" isApplyIncludePage="False" title="Link">
            <area shape="0" alt="" ID="{0C69F62D-AACC-48DB-9461-15EC2A4AF420}" coords="(0,0,178,695)"/>
          </link>
        </links>
        <interactiveData>
          <entry title="">
            <area shape="0" alt="" ID="{2152D470-9E28-4D08-99CE-58957CE28CFE}" coords="(0,0,178,695)"/>
            <events title=""/>
          </entry>
        </interactiveData>
        <textSet textColor="4278190080" textSize="38" lineSpacingMultiple="1.20000004768372" textAlign="HaRight" textVAlign="VaTop" textWordWrap="False" lineSpacing="55" textStyles="[]" useDefaultTextSize="False">
          <font family="Lato" displayName="Lato+Regular" postScript="" weightStyle="Regular" weight="400" isBold="False" isItalic="False"/>
          <text>%2B251%2C05%0D%0A-9%2C81%0D%0A-20%2C00%0D%0A-41%2C50</text>
        </textSet>
        <selectedIndex>-1</selectedIndex>
        <selectedColor>4282501083</selectedColor>
        <textPadding>0</textPadding>
      </controlProperties>
    </control>
    <control controlID="3138B781-9159-4FF5-9759-E4C2EFE75FAB" controlTypeID="Button" isShow="True" caption="Button" x="407" y="1472" w="386" h="71" measuredW="78" measuredH="36" zOrder="19" locked="False" sizeLocked="False">
      <controlProperties>
        <basic color="1073741824" borderVisible="True" borderColor="4294967295" isAutoSize="False" status="MsEnabled" opacity="1" isCommentCom="False" canMove="True" alias="" rotation="0"/>
        <states>
          <state propName="Color" stateType="state_mouseOver" isChecked="True" value="1088615164" varType="20"/>
          <state propName="Color" stateType="state_mouseDown" isChecked="True" value="1944253180" varType="20"/>
        </states>
        <verticalScrollbarShow>False</verticalScrollbarShow>
        <verticalScrollbarProgress>0</verticalScrollbarProgress>
        <horizontalScrollbarShow>False</horizontalScrollbarShow>
        <horizontalScrollbarProgress>0</horizontalScrollbarProgress>
        <links eventType="AtClick" animate="AmFade" animateAutoDelay="0" animateDuration="500">
          <link targetPageID="270383F9-E618-4B99-829B-B2C946640C65" linkType="ltPageLink" isApplyIncludePage="False" title="P%C3%A4%C3%A4n%C3%A4kym%C3%A4+-+Lis%C3%A4%C3%A4+tapahtumia">
            <area shape="0" alt="" ID="{30920718-D62B-4943-A59C-0CE4D0014AA2}" coords="(0,0,386,71)"/>
          </link>
        </links>
        <interactiveData>
          <entry title="">
            <area shape="0" alt="" ID="{5B97CEAC-D20B-4091-8C12-E8F5598AA2E2}" coords="(0,0,386,71)"/>
            <events title=""/>
          </entry>
        </interactiveData>
        <textSet textColor="4294967295" textSize="32" lineSpacingMultiple="1" textAlign="HaCenter" textVAlign="VaMiddle" textWordWrap="True" lineSpacing="38" textStyles="[fsBold]" useDefaultTextSize="False">
          <font family="Lato" displayName="Lato+Bold" postScript="" weightStyle="Bold" weight="700" isBold="True" isItalic="False"/>
          <text>LIS%C3%84%C3%84+TAPAHTUMIA</text>
        </textSet>
        <selectedIndex>-1</selectedIndex>
        <selectedColor>4282501083</selectedColor>
        <textPadding>0</textPadding>
        <radius>8</radius>
        <radiusIsPercent>False</radiusIsPercent>
        <buttonStatus>BsNormal</buttonStatus>
        <thickness>3</thickness>
        <isAutoTextColor>False</isAutoTextColor>
        <borderColor>4294967295</borderColor>
      </controlProperties>
    </control>
    <control controlID="0AA4106D-93E6-40DC-BCB9-3623F54230DC" controlTypeID="Button" isShow="True" caption="Button" x="134" y="306" w="457" h="74" measuredW="78" measuredH="36" zOrder="20" locked="False" sizeLocked="False">
      <controlProperties>
        <basic color="1090519039" borderVisible="False" borderColor="4294967295" isAutoSize="False" status="MsEnabled" opacity="1" isCommentCom="False" canMove="True" alias="" rotation="0"/>
        <states/>
        <verticalScrollbarShow>False</verticalScrollbarShow>
        <verticalScrollbarProgress>0</verticalScrollbarProgress>
        <horizontalScrollbarShow>False</horizontalScrollbarShow>
        <horizontalScrollbarProgress>0</horizontalScrollbarProgress>
        <links eventType="AtClick" animate="AmPushLeft" animateAutoDelay="0" animateDuration="500">
          <link targetPageID="" linkType="ltPageLink" isApplyIncludePage="False" title="">
            <area shape="0" alt="" ID="{30920718-D62B-4943-A59C-0CE4D0014AA2}" coords="(0,0,457,74)"/>
          </link>
        </links>
        <interactiveData>
          <entry title="">
            <area shape="0" alt="" ID="{5B97CEAC-D20B-4091-8C12-E8F5598AA2E2}" coords="(0,0,457,74)"/>
            <events title=""/>
          </entry>
        </interactiveData>
        <textSet textColor="4294967295" textSize="32" lineSpacingMultiple="1" textAlign="HaCenter" textVAlign="VaMiddle" textWordWrap="True" lineSpacing="38" textStyles="[fsBold]" useDefaultTextSize="False">
          <font family="Lato" displayName="Lato+Bold" postScript="" weightStyle="Bold" weight="700" isBold="True" isItalic="False"/>
          <text>TILI</text>
        </textSet>
        <selectedIndex>-1</selectedIndex>
        <selectedColor>4282501083</selectedColor>
        <textPadding>0</textPadding>
        <radius>8</radius>
        <radiusIsPercent>False</radiusIsPercent>
        <buttonStatus>BsNormal</buttonStatus>
        <thickness>3</thickness>
        <isAutoTextColor>False</isAutoTextColor>
        <borderColor>4294967295</borderColor>
      </controlProperties>
    </control>
    <control controlID="F4484EEA-6823-4341-9F6B-BDABA771BFEE" controlTypeID="Button" isShow="True" caption="Button" x="601" y="306" w="457" h="74" measuredW="78" measuredH="36" zOrder="21" locked="False" sizeLocked="False">
      <controlProperties>
        <basic color="1073741824" borderVisible="False" borderColor="4294967295" isAutoSize="False" status="MsEnabled" opacity="1" isCommentCom="False" canMove="True" alias="" rotation="0"/>
        <states>
          <state propName="Color" stateType="state_mouseOver" isChecked="True" value="1088615164" varType="20"/>
          <state propName="Color" stateType="state_mouseDown" isChecked="True" value="1944253180" varType="20"/>
        </states>
        <verticalScrollbarShow>False</verticalScrollbarShow>
        <verticalScrollbarProgress>0</verticalScrollbarProgress>
        <horizontalScrollbarShow>False</horizontalScrollbarShow>
        <horizontalScrollbarProgress>0</horizontalScrollbarProgress>
        <links eventType="AtClick" animate="AmNone" animateAutoDelay="0" animateDuration="500">
          <link targetPageID="87C75412-B741-4C12-A72F-8497798B5047" linkType="ltPageLink" isApplyIncludePage="False" title="Uusi+Maksu+(luotto)">
            <area shape="0" alt="" ID="{30920718-D62B-4943-A59C-0CE4D0014AA2}" coords="(0,0,457,74)"/>
          </link>
        </links>
        <interactiveData>
          <entry title="">
            <area shape="0" alt="" ID="{5B97CEAC-D20B-4091-8C12-E8F5598AA2E2}" coords="(0,0,457,74)"/>
            <events title=""/>
          </entry>
        </interactiveData>
        <textSet textColor="4294967295" textSize="32" lineSpacingMultiple="1" textAlign="HaCenter" textVAlign="VaMiddle" textWordWrap="True" lineSpacing="38" textStyles="[fsBold]" useDefaultTextSize="False">
          <font family="Lato" displayName="Lato+Bold" postScript="" weightStyle="Bold" weight="700" isBold="True" isItalic="False"/>
          <text>LUOTTO</text>
        </textSet>
        <selectedIndex>-1</selectedIndex>
        <selectedColor>4282501083</selectedColor>
        <textPadding>0</textPadding>
        <radius>8</radius>
        <radiusIsPercent>False</radiusIsPercent>
        <buttonStatus>BsNormal</buttonStatus>
        <thickness>3</thickness>
        <isAutoTextColor>False</isAutoTextColor>
        <borderColor>4294967295</borderColor>
      </controlProperties>
    </control>
    <control controlID="7D189978-4641-499D-AC0D-C73145536FB5" controlTypeID="Shape" isShow="True" caption="Shape" x="1030" y="10" w="160" h="160" measuredW="120" measuredH="100" zOrder="22" locked="False" sizeLocked="False">
      <controlProperties>
        <basic color="1073741824" borderVisible="True" borderColor="4294967295" isAutoSize="False" status="MsEnabled" opacity="1" isCommentCom="False" canMove="True" alias="" rotation="0"/>
        <states>
          <state propName="Color" stateType="state_mouseOver" isChecked="True" value="1090519039" varType="20"/>
          <state propName="Color" stateType="state_mouseDown" isChecked="True" value="1946157055" varType="20"/>
        </states>
        <verticalScrollbarShow>False</verticalScrollbarShow>
        <verticalScrollbarProgress>0</verticalScrollbarProgress>
        <horizontalScrollbarShow>False</horizontalScrollbarShow>
        <horizontalScrollbarProgress>0</horizontalScrollbarProgress>
        <links eventType="AtClick" animate="AmNone" animateAutoDelay="0" animateDuration="500">
          <link targetPageID="" linkType="ltPageLink" isApplyIncludePage="False" title="">
            <area shape="0" alt="" ID="{8E02A9DF-6D1D-4CD4-A9F0-741AFC41EFA2}" coords="(0,0,160,160)"/>
          </link>
        </links>
        <interactiveData>
          <entry title="">
            <area shape="0" alt="" ID="{9D9DB097-9C45-4AB1-8241-0D793498F4D6}" coords="(0,0,160,160)"/>
            <events title="">
              <event eventType="atClick" isChecked="True">
                <behaviour title="" isChecked="True" isWait="False" isLoop="False" execMode="emParallel">
                  <target targetID="F59C8CBF-9234-4954-9BFA-027BEAAFB686" isChecked="True" isAutoRecovery="False" isLoop="False" execMode="emSequence">
                    <command name="Popup State Change" isChecked="True" descrition="">
                      <param name="AniInterpolation" value="0" varType="3" description=""/>
                      <param name="AniDuration" value="200" varType="3" description=""/>
                      <param name="AniAutoReverse" value="False" varType="11" description=""/>
                      <param name="AniLoop" value="False" varType="11" description=""/>
                      <param name="AniInterpolationTypeOut" value="False" varType="11" description=""/>
                      <param name="Delay" value="0" varType="3" description=""/>
                      <param name="Value" value="2" varType="3" description=""/>
                      <param name="AniType" value="0" varType="3" description=""/>
                    </command>
                  </target>
                </behaviour>
              </event>
            </events>
          </entry>
        </interactiveData>
        <textSet textColor="4278190080" textSize="14" lineSpacingMultiple="1" textAlign="HaCenter" textVAlign="VaMiddle" textWordWrap="True" lineSpacing="17" textStyles="[]" useDefaultTextSize="True">
          <font family="Lato" displayName="Lato+Regular" postScript="" weightStyle="Regular" weight="400" isBold="False" isItalic="False"/>
        </textSet>
        <selectedIndex>-1</selectedIndex>
        <selectedColor>4282501083</selectedColor>
        <textPadding>0</textPadding>
        <shapeBorderType>SbRectangle</shapeBorderType>
        <triangleType>TdZero</triangleType>
        <dashMode>SdSolid</dashMode>
        <rectangleBorderLeftVisible>True</rectangleBorderLeftVisible>
        <rectangleBorderRightVisible>True</rectangleBorderRightVisible>
        <rectangleBorderTopVisible>True</rectangleBorderTopVisible>
        <rectangleBorderBottomVisible>True</rectangleBorderBottomVisible>
        <radius>4</radius>
        <radiusIsPercent>False</radiusIsPercent>
        <thickness>3</thickness>
      </controlProperties>
    </control>
    <control controlID="780222A4-435E-4FA7-AC64-4F53AA0CC04A" controlTypeID="__group__" isShow="True" caption="Group" x="170" y="36" w="339" h="108" measuredW="0" measuredH="0" zOrder="23" locked="False" sizeLocked="False">
      <controlProperties>
        <basic color="4294967295" borderVisible="True" borderColor="4284900966" isAutoSize="False" status="MsEnabled" opacity="1" isCommentCom="False" canMove="True" alias="" rotation="0"/>
        <states/>
        <verticalScrollbarShow>False</verticalScrollbarShow>
        <verticalScrollbarProgress>0</verticalScrollbarProgress>
        <horizontalScrollbarShow>False</horizontalScrollbarShow>
        <horizontalScrollbarProgress>0</horizontalScrollbarProgress>
        <links eventType="AtClick" animate="AmFade" animateAutoDelay="0" animateDuration="500">
          <link targetPageID="" linkType="ltPageLink" isApplyIncludePage="False" title="Link">
            <area shape="0" alt="" ID="{3CDC2210-726C-45AF-B8DD-8C252AFA076B}" coords="(0,0,339,108)"/>
          </link>
        </links>
        <interactiveData>
          <entry title="">
            <area shape="0" alt="" ID="{7F2FC814-FA6D-4B48-9EDB-E5413ACFCC00}" coords="(0,0,339,108)"/>
            <events title=""/>
          </entry>
        </interactiveData>
        <groupChildrenDescriptors>
          <control controlID="E9D01F2F-29D6-4C05-9EB9-9A5B0AF93F4E" controlTypeID="Shape" isShow="True" caption="Shape" x="0" y="0" w="339" h="108" measuredW="120" measuredH="100" zOrder="0" locked="False" sizeLocked="False">
            <controlProperties>
              <basic color="1493172224" borderVisible="False" borderColor="4294967295" isAutoSize="False" status="MsEnabled" opacity="1" isCommentCom="True" canMove="True" alias="" rotation="0"/>
              <states/>
              <verticalScrollbarShow>False</verticalScrollbarShow>
              <verticalScrollbarProgress>0</verticalScrollbarProgress>
              <horizontalScrollbarShow>False</horizontalScrollbarShow>
              <horizontalScrollbarProgress>0</horizontalScrollbarProgress>
              <links eventType="AtClick" animate="AmNone" animateAutoDelay="0" animateDuration="500">
                <link targetPageID="" linkType="ltPageLink" isApplyIncludePage="False" title="Link">
                  <area shape="0" alt="" ID="{8E02A9DF-6D1D-4CD4-A9F0-741AFC41EFA2}" coords="(0,0,339,108)"/>
                </link>
              </links>
              <interactiveData>
                <entry title="">
                  <area shape="0" alt="" ID="{9D9DB097-9C45-4AB1-8241-0D793498F4D6}" coords="(0,0,339,108)"/>
                  <events title=""/>
                </entry>
              </interactiveData>
              <textSet textColor="4278190080" textSize="14" lineSpacingMultiple="1" textAlign="HaCenter" textVAlign="VaMiddle" textWordWrap="True" lineSpacing="17" textStyles="[]" useDefaultTextSize="True">
                <font family="Lato" displayName="Lato+Regular" postScript="" weightStyle="Regular" weight="400" isBold="False" isItalic="False"/>
              </textSet>
              <selectedIndex>-1</selectedIndex>
              <selectedColor>4282501083</selectedColor>
              <textPadding>0</textPadding>
              <shapeBorderType>SbRectangle</shapeBorderType>
              <triangleType>TdZero</triangleType>
              <dashMode>SdSolid</dashMode>
              <rectangleBorderLeftVisible>True</rectangleBorderLeftVisible>
              <rectangleBorderRightVisible>True</rectangleBorderRightVisible>
              <rectangleBorderTopVisible>True</rectangleBorderTopVisible>
              <rectangleBorderBottomVisible>True</rectangleBorderBottomVisible>
              <radius>0</radius>
              <radiusIsPercent>False</radiusIsPercent>
              <thickness>3</thickness>
            </controlProperties>
          </control>
          <control controlID="77A0CEE4-726A-4C75-9AB1-FC97DABA3C13" controlTypeID="Label" isShow="True" caption="Label" x="17" y="18" w="108" h="72" measuredW="0" measuredH="0" zOrder="1" locked="False" sizeLocked="False">
            <controlProperties>
              <basic color="0" borderVisible="True" borderColor="4284900966" isAutoSize="True" status="MsEnabled" opacity="1" isCommentCom="True" canMove="True" alias="" rotation="0"/>
              <states/>
              <verticalScrollbarShow>False</verticalScrollbarShow>
              <verticalScrollbarProgress>0</verticalScrollbarProgress>
              <horizontalScrollbarShow>False</horizontalScrollbarShow>
              <horizontalScrollbarProgress>0</horizontalScrollbarProgress>
              <links eventType="AtClick" animate="AmNone" animateAutoDelay="0" animateDuration="500">
                <link targetPageID="" linkType="ltPageLink" isApplyIncludePage="False" title="Link">
                  <area shape="0" alt="" ID="{536C5A5B-1149-4984-8F89-70B96CAD880A}" coords="(0,0,108,72)"/>
                </link>
              </links>
              <interactiveData>
                <entry title="">
                  <area shape="0" alt="" ID="{4CC47450-332E-4B5F-AB69-571ADA8100F2}" coords="(0,0,108,72)"/>
                  <events title=""/>
                </entry>
              </interactiveData>
              <textSet textColor="4294967295" textSize="60" lineSpacingMultiple="1" textAlign="HaLeft" textVAlign="VaTop" textWordWrap="True" lineSpacing="72" textStyles="[]" useDefaultTextSize="False">
                <font family="Lato" displayName="Lato+Regular" postScript="" weightStyle="Regular" weight="400" isBold="False" isItalic="False"/>
                <text>Koti</text>
              </textSet>
              <selectedIndex>-1</selectedIndex>
              <selectedColor>4282501083</selectedColor>
              <textPadding>0</textPadding>
            </controlProperties>
          </control>
        </groupChildrenDescriptors>
      </controlProperties>
    </control>
    <control controlID="CA81E5CC-C789-4DCA-9280-01C91166A05F" controlTypeID="__group__" isShow="True" caption="Group" x="860" y="10" w="160" h="160" measuredW="0" measuredH="0" zOrder="24" locked="False" sizeLocked="False">
      <controlProperties>
        <basic color="4294967295" borderVisible="True" borderColor="4284900966" isAutoSize="False" status="MsEnabled" opacity="1" isCommentCom="False" canMove="True" alias="" rotation="0"/>
        <states/>
        <verticalScrollbarShow>False</verticalScrollbarShow>
        <verticalScrollbarProgress>0</verticalScrollbarProgress>
        <horizontalScrollbarShow>False</horizontalScrollbarShow>
        <horizontalScrollbarProgress>0</horizontalScrollbarProgress>
        <links eventType="AtClick" animate="AmPushLeft" animateAutoDelay="0" animateDuration="500">
          <link targetPageID="" linkType="ltPageLink" isApplyIncludePage="False" title="Link">
            <area shape="0" alt="" ID="{3AC255A8-B3B1-4A37-AEC2-62CFEC61BD45}" coords="(0,0,160,160)"/>
          </link>
        </links>
        <interactiveData>
          <entry title="">
            <area shape="0" alt="" ID="{00267981-1FB5-4FA8-AC5E-F16F46B22C01}" coords="(0,0,160,160)"/>
            <events title=""/>
          </entry>
        </interactiveData>
        <groupChildrenDescriptors>
          <control controlID="2E747B78-6527-428B-A81A-BD7385221996" controlTypeID="Image" isShow="True" caption="Image" x="15" y="15" w="130" h="130" measuredW="150" measuredH="150" zOrder="0" locked="False" sizeLocked="False">
            <controlProperties>
              <basic color="4294967295" borderVisible="False" borderColor="4284900966" isAutoSize="False" status="MsEnabled" opacity="1" isCommentCom="False" canMove="True" alias="" rotation="0"/>
              <states/>
              <verticalScrollbarShow>False</verticalScrollbarShow>
              <verticalScrollbarProgress>0</verticalScrollbarProgress>
              <horizontalScrollbarShow>False</horizontalScrollbarShow>
              <horizontalScrollbarProgress>0</horizontalScrollbarProgress>
              <links eventType="AtClick" animate="AmNone" animateAutoDelay="0" animateDuration="500">
                <link targetPageID="" linkType="ltPageLink" isApplyIncludePage="False" title="Link">
                  <area shape="0" alt="" ID="{C2490D3F-8CA2-434A-B787-211ED535D7CA}" coords="(0,0,130,130)"/>
                </link>
              </links>
              <interactiveData>
                <entry title="">
                  <area shape="0" alt="" ID="{8FF612A5-FA43-4DD9-B51E-EDAF8A5B6ECC}" coords="(0,0,130,130)"/>
                  <events title=""/>
                </entry>
              </interactiveData>
              <rotationAngle>TdZero</rotationAngle>
              <clipShapeType>SbRectangle</clipShapeType>
              <radius>0</radius>
              <radiusIsPercent>False</radiusIsPercent>
              <URL>C85367815F1981FACEDDC73E5B53EABD.png</URL>
              <FlipHorizontal>False</FlipHorizontal>
              <FlipVertical>False</FlipVertical>
              <fitMode>2</fitMode>
              <showText>True</showText>
            </controlProperties>
          </control>
          <control controlID="92BD5CC6-A9D0-4A90-BD45-6DDF70BD99F5" controlTypeID="Shape" isShow="True" caption="Shape" x="0" y="0" w="160" h="160" measuredW="120" measuredH="100" zOrder="1" locked="False" sizeLocked="False">
            <controlProperties>
              <basic color="1073741824" borderVisible="True" borderColor="4294967295" isAutoSize="False" status="MsEnabled" opacity="1" isCommentCom="False" canMove="True" alias="" rotation="0"/>
              <states>
                <state propName="Color" stateType="state_mouseOver" isChecked="True" value="1090519039" varType="20"/>
                <state propName="Color" stateType="state_mouseDown" isChecked="True" value="1946157055" varType="20"/>
              </states>
              <verticalScrollbarShow>False</verticalScrollbarShow>
              <verticalScrollbarProgress>0</verticalScrollbarProgress>
              <horizontalScrollbarShow>False</horizontalScrollbarShow>
              <horizontalScrollbarProgress>0</horizontalScrollbarProgress>
              <links eventType="AtClick" animate="AmPushLeft" animateAutoDelay="0" animateDuration="500">
                <link targetPageID="3E70FF15-763D-4ABF-92F7-4199A0EE6462" linkType="ltPageLink" isApplyIncludePage="False" title="E-Laskut">
                  <area shape="0" alt="" ID="{8E02A9DF-6D1D-4CD4-A9F0-741AFC41EFA2}" coords="(0,0,160,160)"/>
                </link>
              </links>
              <interactiveData>
                <entry title="">
                  <area shape="0" alt="" ID="{9D9DB097-9C45-4AB1-8241-0D793498F4D6}" coords="(0,0,160,160)"/>
                  <events title=""/>
                </entry>
              </interactiveData>
              <textSet textColor="4278190080" textSize="14" lineSpacingMultiple="1" textAlign="HaCenter" textVAlign="VaMiddle" textWordWrap="True" lineSpacing="17" textStyles="[]" useDefaultTextSize="True">
                <font family="Lato" displayName="Lato+Regular" postScript="" weightStyle="Regular" weight="400" isBold="False" isItalic="False"/>
              </textSet>
              <selectedIndex>-1</selectedIndex>
              <selectedColor>4282501083</selectedColor>
              <textPadding>0</textPadding>
              <shapeBorderType>SbRectangle</shapeBorderType>
              <triangleType>TdZero</triangleType>
              <dashMode>SdSolid</dashMode>
              <rectangleBorderLeftVisible>True</rectangleBorderLeftVisible>
              <rectangleBorderRightVisible>True</rectangleBorderRightVisible>
              <rectangleBorderTopVisible>True</rectangleBorderTopVisible>
              <rectangleBorderBottomVisible>True</rectangleBorderBottomVisible>
              <radius>4</radius>
              <radiusIsPercent>False</radiusIsPercent>
              <thickness>3</thickness>
            </controlProperties>
          </control>
        </groupChildrenDescriptors>
      </controlProperties>
    </control>
    <control controlID="F59C8CBF-9234-4954-9BFA-027BEAAFB686" controlTypeID="PopupPanel" isShow="True" caption="Uloskirjautuminen" x="-241" y="191" w="46" h="46" measuredW="0" measuredH="0" zOrder="25" locked="False" sizeLocked="False">
      <controlProperties isBackgroundFade="False" aniType_Mobile="aniFade" aniType="dnNone" closeByClickMode="cmClickAllArea" closeByKeyModes="[kmEsc,kmEnter]" isShowBackground="False" delayBeforePopup="0" aniDuration="200" positionPolicy="ppFree" positionMargin="0" positionScreenMode="psCenter" positionComMode="pcBottom">
        <basic color="1879048192" borderVisible="False" borderColor="4284900966" isAutoSize="False" status="MsEnabled" opacity="1" isCommentCom="False" canMove="True" alias="" rotation="0"/>
        <states/>
        <verticalScrollbarShow>False</verticalScrollbarShow>
        <verticalScrollbarProgress>0</verticalScrollbarProgress>
        <horizontalScrollbarShow>False</horizontalScrollbarShow>
        <horizontalScrollbarProgress>0</horizontalScrollbarProgress>
        <links eventType="AtClick" animate="AmPushLeft" animateAutoDelay="0" animateDuration="500">
          <link targetPageID="" linkType="ltPageLink" isApplyIncludePage="False" title="Link">
            <area shape="0" alt="" ID="{A431B8EC-D2AD-4D4D-9E7F-7060A23C9163}" coords="(0,0,46,46)"/>
          </link>
        </links>
        <interactiveData>
          <entry title="">
            <area shape="0" alt="" ID="{75A7B404-BBD8-4646-A6C3-6BA78531F68C}" coords="(0,0,46,46)"/>
            <events title=""/>
          </entry>
        </interactiveData>
        <groupChildrenDescriptors>
          <control controlID="3517E889-7D2B-46D5-99FE-9EADBE9E3968" controlTypeID="Panel" isShow="True" caption="Panel" x="0" y="0" w="1200" h="1920" measuredW="0" measuredH="0" zOrder="0" locked="True" sizeLocked="False">
            <controlProperties>
              <basic color="1879048192" borderVisible="False" borderColor="4284900966" isAutoSize="False" status="MsEnabled" opacity="1" isCommentCom="False" canMove="False" alias="background" rotation="0"/>
              <states/>
              <verticalScrollbarShow>False</verticalScrollbarShow>
              <verticalScrollbarProgress>0</verticalScrollbarProgress>
              <horizontalScrollbarShow>False</horizontalScrollbarShow>
              <horizontalScrollbarProgress>0</horizontalScrollbarProgress>
              <links eventType="AtClick" animate="AmPushLeft" animateAutoDelay="0" animateDuration="500">
                <link targetPageID="" linkType="ltPageLink" isApplyIncludePage="False" title="Link">
                  <area shape="0" alt="" ID="{23187B51-6439-444B-8434-A196303C52D0}" coords="(0,0,1200,1920)"/>
                </link>
              </links>
              <interactiveData>
                <entry title="">
                  <area shape="0" alt="" ID="{EA8196EC-BC0C-44A0-9DA3-65308FEDF03D}" coords="(0,0,1200,1920)"/>
                  <events title=""/>
                </entry>
              </interactiveData>
              <groupChildrenDescriptors>
                <control controlID="FAFC67FF-42A6-440A-A87A-854D562E14CD" controlTypeID="Border" isShow="True" caption="Border" x="0" y="0" w="1200" h="1920" measuredW="0" measuredH="0" zOrder="0" locked="True" sizeLocked="False">
                  <controlProperties>
                    <basic color="4294967295" borderVisible="False" borderColor="4284900966" isAutoSize="False" status="MsEnabled" opacity="1" isCommentCom="False" canMove="True" alias="borderLayer" rotation="0"/>
                    <states/>
                    <verticalScrollbarShow>False</verticalScrollbarShow>
                    <verticalScrollbarProgress>0</verticalScrollbarProgress>
                    <horizontalScrollbarShow>False</horizontalScrollbarShow>
                    <horizontalScrollbarProgress>0</horizontalScrollbarProgress>
                    <links eventType="AtClick" animate="AmPushLeft" animateAutoDelay="0" animateDuration="500">
                      <link targetPageID="" linkType="ltPageLink" isApplyIncludePage="False" title="Link">
                        <area shape="0" alt="" ID="{558CDBE8-2313-4BFE-AE85-73424AEE9C44}" coords="(0,0,1200,1920)"/>
                      </link>
                    </links>
                    <interactiveData>
                      <entry title="">
                        <area shape="0" alt="" ID="{690497D3-8A48-422D-B92B-980D2B9B497D}" coords="(0,0,1200,1920)"/>
                        <events title=""/>
                      </entry>
                    </interactiveData>
                    <thickness>1</thickness>
                    <dashMode>SdSolid</dashMode>
                  </controlProperties>
                </control>
              </groupChildrenDescriptors>
              <thinkness>1</thinkness>
              <dashMode>SdSolid</dashMode>
            </controlProperties>
          </control>
          <control controlID="658D3E17-F897-4024-8562-48E6FF2BBDFA" controlTypeID="PopupPanelContent" isShow="True" caption="Unknown..." x="0" y="0" w="1200" h="1920" measuredW="0" measuredH="0" zOrder="1" locked="False" sizeLocked="False">
            <controlProperties>
              <basic color="16777215" borderVisible="False" borderColor="4284900966" isAutoSize="False" status="MsEnabled" opacity="1" isCommentCom="False" canMove="True" alias="content" rotation="0"/>
              <states/>
              <verticalScrollbarShow>False</verticalScrollbarShow>
              <verticalScrollbarProgress>0</verticalScrollbarProgress>
              <horizontalScrollbarShow>False</horizontalScrollbarShow>
              <horizontalScrollbarProgress>0</horizontalScrollbarProgress>
              <links eventType="AtClick" animate="AmPushLeft" animateAutoDelay="0" animateDuration="500">
                <link targetPageID="" linkType="ltPageLink" isApplyIncludePage="False" title="Link">
                  <area shape="0" alt="" ID="{1327C004-D240-474C-B459-475ACDA621E5}" coords="(0,0,1200,1920)"/>
                </link>
              </links>
              <interactiveData>
                <entry title="">
                  <area shape="0" alt="" ID="{AF8FF68D-043C-4CFC-AAE3-BCC5F998DC8D}" coords="(0,0,1200,1920)"/>
                  <events title=""/>
                </entry>
              </interactiveData>
              <groupChildrenDescriptors>
                <control controlID="DE1747BA-8263-4567-8EA5-AEBFF5DDDB94" controlTypeID="Shape" isShow="True" caption="Shape" x="0" y="0" w="1200" h="1920" measuredW="120" measuredH="100" zOrder="0" locked="False" sizeLocked="False">
                  <controlProperties>
                    <basic color="2147483648" borderVisible="True" borderColor="4284900966" isAutoSize="False" status="MsEnabled" opacity="1" isCommentCom="False" canMove="True" alias="" rotation="0"/>
                    <states/>
                    <verticalScrollbarShow>False</verticalScrollbarShow>
                    <verticalScrollbarProgress>0</verticalScrollbarProgress>
                    <horizontalScrollbarShow>False</horizontalScrollbarShow>
                    <horizontalScrollbarProgress>0</horizontalScrollbarProgress>
                    <links eventType="AtClick" animate="AmNone" animateAutoDelay="0" animateDuration="500">
                      <link targetPageID="" linkType="ltPageLink" isApplyIncludePage="False" title="Link">
                        <area shape="0" alt="" ID="{3BBDF5AF-F1A2-4A47-8DCE-A2985CC61655}" coords="(0,0,1200,1920)"/>
                      </link>
                    </links>
                    <interactiveData>
                      <entry title="">
                        <area shape="0" alt="" ID="{EE6B0BF6-591C-47FE-AB05-03ABA1D61D93}" coords="(0,0,1200,1920)"/>
                        <events title=""/>
                      </entry>
                    </interactiveData>
                    <textSet textColor="4278190080" textSize="14" lineSpacingMultiple="1" textAlign="HaCenter" textVAlign="VaMiddle" textWordWrap="True" lineSpacing="17" textStyles="[]" useDefaultTextSize="True">
                      <font family="Lato" displayName="Lato+Regular" postScript="" weightStyle="Regular" weight="400" isBold="False" isItalic="False"/>
                    </textSet>
                    <selectedIndex>-1</selectedIndex>
                    <selectedColor>4282501083</selectedColor>
                    <textPadding>0</textPadding>
                    <shapeBorderType>SbRectangle</shapeBorderType>
                    <triangleType>TdZero</triangleType>
                    <dashMode>SdSolid</dashMode>
                    <rectangleBorderLeftVisible>True</rectangleBorderLeftVisible>
                    <rectangleBorderRightVisible>True</rectangleBorderRightVisible>
                    <rectangleBorderTopVisible>True</rectangleBorderTopVisible>
                    <rectangleBorderBottomVisible>True</rectangleBorderBottomVisible>
                    <radius>0</radius>
                    <radiusIsPercent>False</radiusIsPercent>
                    <thickness>1</thickness>
                  </controlProperties>
                </control>
                <control controlID="13F771E3-09BF-46C9-B5F0-776003DCEDE2" controlTypeID="TextArea" isShow="True" caption="Text+Area" x="56" y="640" w="1087" h="320" measuredW="0" measuredH="126" zOrder="1" locked="False" sizeLocked="False">
                  <controlProperties>
                    <basic color="4278928745" borderVisible="False" borderColor="4294967295" isAutoSize="False" status="MsEnabled" opacity="1" isCommentCom="False" canMove="True" alias="" rotation="0"/>
                    <states/>
                    <verticalScrollbarShow>False</verticalScrollbarShow>
                    <verticalScrollbarProgress>0</verticalScrollbarProgress>
                    <horizontalScrollbarShow>False</horizontalScrollbarShow>
                    <horizontalScrollbarProgress>0</horizontalScrollbarProgress>
                    <links eventType="AtClick" animate="AmNone" animateAutoDelay="0" animateDuration="500">
                      <link targetPageID="" linkType="ltPageLink" isApplyIncludePage="False" title="Link">
                        <area shape="0" alt="" ID="{71A53C3C-1ADC-4F01-9604-9A766C7A27C1}" coords="(0,0,1087,320)"/>
                      </link>
                    </links>
                    <interactiveData>
                      <entry title="">
                        <area shape="0" alt="" ID="{75B8C2A0-B1FE-4D3C-8366-7B4777B3B00D}" coords="(0,0,1087,320)"/>
                        <events title=""/>
                      </entry>
                    </interactiveData>
                    <textSet textColor="4294967295" textSize="36" lineSpacingMultiple="1" textAlign="HaCenter" textVAlign="VaTop" textWordWrap="True" lineSpacing="43" textStyles="[]" useDefaultTextSize="False">
                      <font family="Lato" displayName="Lato+Regular" postScript="" weightStyle="Regular" weight="400" isBold="False" isItalic="False"/>
                      <text>%0D%0AHaluatko+varmasti+kirjautua+ulos%3F%0D%0A</text>
                    </textSet>
                    <selectedIndex>-1</selectedIndex>
                    <selectedColor>4282501083</selectedColor>
                    <textPadding>0</textPadding>
                  </controlProperties>
                </control>
                <control controlID="61033729-3B7B-4CCC-BE3C-F5898C95AFD6" controlTypeID="__group__" isShow="True" caption="Group" x="192" y="786" w="817" h="71" measuredW="0" measuredH="0" zOrder="2" locked="False" sizeLocked="False">
                  <controlProperties>
                    <basic color="4294967295" borderVisible="True" borderColor="4284900966" isAutoSize="False" status="MsEnabled" opacity="1" isCommentCom="False" canMove="True" alias="" rotation="0"/>
                    <states/>
                    <verticalScrollbarShow>False</verticalScrollbarShow>
                    <verticalScrollbarProgress>0</verticalScrollbarProgress>
                    <horizontalScrollbarShow>False</horizontalScrollbarShow>
                    <horizontalScrollbarProgress>0</horizontalScrollbarProgress>
                    <links eventType="AtClick" animate="AmFade" animateAutoDelay="0" animateDuration="500">
                      <link targetPageID="" linkType="ltPageLink" isApplyIncludePage="False" title="Link">
                        <area shape="0" alt="" ID="{CC0F2FFB-0345-49D2-836A-BE25D0905E7F}" coords="(0,0,817,71)"/>
                      </link>
                    </links>
                    <interactiveData>
                      <entry title="">
                        <area shape="0" alt="" ID="{F4664163-0D5F-4467-BEF2-5CABA782A639}" coords="(0,0,817,71)"/>
                        <events title=""/>
                      </entry>
                    </interactiveData>
                    <groupChildrenDescriptors>
                      <control controlID="9A6D742E-F78D-4F61-8C80-AB5E6E8D7DFA" controlTypeID="Button" isShow="True" caption="Button" x="0" y="0" w="379" h="71" measuredW="78" measuredH="36" zOrder="0" locked="False" sizeLocked="False">
                        <controlProperties>
                          <basic color="1073741824" borderVisible="True" borderColor="4294967295" isAutoSize="False" status="MsEnabled" opacity="1" isCommentCom="False" canMove="True" alias="" rotation="0"/>
                          <states>
                            <state propName="Color" stateType="state_mouseOver" isChecked="True" value="1088615164" varType="20"/>
                            <state propName="Color" stateType="state_mouseDown" isChecked="True" value="1944253180" varType="20"/>
                          </states>
                          <verticalScrollbarShow>False</verticalScrollbarShow>
                          <verticalScrollbarProgress>0</verticalScrollbarProgress>
                          <horizontalScrollbarShow>False</horizontalScrollbarShow>
                          <horizontalScrollbarProgress>0</horizontalScrollbarProgress>
                          <links eventType="AtClick" animate="AmFade" animateAutoDelay="0" animateDuration="500">
                            <link targetPageID="BD0CCAB2-F724-4456-A54B-3A73DCBA2DC5" linkType="ltPageLink" isApplyIncludePage="False" title="Kirjautuminen">
                              <area shape="0" alt="" ID="{30920718-D62B-4943-A59C-0CE4D0014AA2}" coords="(0,0,379,71)"/>
                            </link>
                          </links>
                          <interactiveData>
                            <entry title="">
                              <area shape="0" alt="" ID="{5B97CEAC-D20B-4091-8C12-E8F5598AA2E2}" coords="(0,0,379,71)"/>
                              <events title=""/>
                            </entry>
                          </interactiveData>
                          <textSet textColor="4294967295" textSize="32" lineSpacingMultiple="1" textAlign="HaCenter" textVAlign="VaMiddle" textWordWrap="True" lineSpacing="38" textStyles="[fsBold]" useDefaultTextSize="False">
                            <font family="Lato" displayName="Lato+Bold" postScript="" weightStyle="Bold" weight="700" isBold="True" isItalic="False"/>
                            <text>KYLL%C3%84</text>
                          </textSet>
                          <selectedIndex>-1</selectedIndex>
                          <selectedColor>4282501083</selectedColor>
                          <textPadding>0</textPadding>
                          <radius>8</radius>
                          <radiusIsPercent>False</radiusIsPercent>
                          <buttonStatus>BsNormal</buttonStatus>
                          <thickness>3</thickness>
                          <isAutoTextColor>False</isAutoTextColor>
                          <borderColor>4294967295</borderColor>
                        </controlProperties>
                      </control>
                      <control controlID="BCD67CAD-33C5-4808-81CF-053C7A9DD7E8" controlTypeID="Button" isShow="True" caption="Button" x="438" y="0" w="379" h="71" measuredW="78" measuredH="36" zOrder="1" locked="False" sizeLocked="False">
                        <controlProperties>
                          <basic color="1073741824" borderVisible="True" borderColor="4294967295" isAutoSize="False" status="MsEnabled" opacity="1" isCommentCom="False" canMove="True" alias="" rotation="0"/>
                          <states>
                            <state propName="Color" stateType="state_mouseOver" isChecked="True" value="1088615164" varType="20"/>
                            <state propName="Color" stateType="state_mouseDown" isChecked="True" value="1944253180" varType="20"/>
                          </states>
                          <verticalScrollbarShow>False</verticalScrollbarShow>
                          <verticalScrollbarProgress>0</verticalScrollbarProgress>
                          <horizontalScrollbarShow>False</horizontalScrollbarShow>
                          <horizontalScrollbarProgress>0</horizontalScrollbarProgress>
                          <links eventType="AtClick" animate="AmFade" animateAutoDelay="0" animateDuration="500">
                            <link targetPageID="" linkType="ltPageLink" isApplyIncludePage="False" title="">
                              <area shape="0" alt="" ID="{30920718-D62B-4943-A59C-0CE4D0014AA2}" coords="(0,0,379,71)"/>
                            </link>
                          </links>
                          <interactiveData>
                            <entry title="">
                              <area shape="0" alt="" ID="{5B97CEAC-D20B-4091-8C12-E8F5598AA2E2}" coords="(0,0,379,71)"/>
                              <events title="">
                                <event eventType="atClick" isChecked="True">
                                  <behaviour title="" isChecked="True" isWait="False" isLoop="False" execMode="emParallel">
                                    <target targetID="F59C8CBF-9234-4954-9BFA-027BEAAFB686" isChecked="True" isAutoRecovery="False" isLoop="False" execMode="emSequence">
                                      <command name="Popup State Change" isChecked="True" descrition="">
                                        <param name="AniInterpolation" value="0" varType="3" description=""/>
                                        <param name="AniDuration" value="200" varType="3" description=""/>
                                        <param name="AniAutoReverse" value="False" varType="11" description=""/>
                                        <param name="AniLoop" value="False" varType="11" description=""/>
                                        <param name="AniInterpolationTypeOut" value="False" varType="11" description=""/>
                                        <param name="Delay" value="0" varType="3" description=""/>
                                        <param name="Value" value="2" varType="3" description=""/>
                                        <param name="AniType" value="0" varType="3" description=""/>
                                      </command>
                                    </target>
                                  </behaviour>
                                </event>
                              </events>
                            </entry>
                          </interactiveData>
                          <textSet textColor="4294967295" textSize="32" lineSpacingMultiple="1" textAlign="HaCenter" textVAlign="VaMiddle" textWordWrap="True" lineSpacing="38" textStyles="[fsBold]" useDefaultTextSize="False">
                            <font family="Lato" displayName="Lato+Bold" postScript="" weightStyle="Bold" weight="700" isBold="True" isItalic="False"/>
                            <text>EI</text>
                          </textSet>
                          <selectedIndex>-1</selectedIndex>
                          <selectedColor>4282501083</selectedColor>
                          <textPadding>0</textPadding>
                          <radius>8</radius>
                          <radiusIsPercent>False</radiusIsPercent>
                          <buttonStatus>BsNormal</buttonStatus>
                          <thickness>3</thickness>
                          <isAutoTextColor>False</isAutoTextColor>
                          <borderColor>4294967295</borderColor>
                        </controlProperties>
                      </control>
                    </groupChildrenDescriptors>
                  </controlProperties>
                </control>
              </groupChildrenDescriptors>
            </controlProperties>
          </control>
        </groupChildrenDescriptors>
      </controlProperties>
    </control>
    <control controlID="E5D1C4A6-9FE9-4283-A4B6-0DB1D02F6DA7" controlTypeID="PopupMenu" isShow="True" caption="Tilinvalinta" x="-232" y="324" w="46" h="46" measuredW="0" measuredH="0" zOrder="26" locked="False" sizeLocked="False">
      <controlProperties isBackgroundFade="False" aniType_Mobile="aniNone" aniType="dnNone" closeByClickMode="cmClickAllArea" closeByKeyModes="[kmEsc,kmEnter]" isShowBackground="False" delayBeforePopup="0" aniDuration="200" positionPolicy="ppFree" positionMargin="0" positionScreenMode="psCenter" positionComMode="pcBottom">
        <basic color="1879048192" borderVisible="False" borderColor="4284900966" isAutoSize="False" status="MsEnabled" opacity="1" isCommentCom="False" canMove="True" alias="" rotation="0"/>
        <states/>
        <verticalScrollbarShow>False</verticalScrollbarShow>
        <verticalScrollbarProgress>0</verticalScrollbarProgress>
        <horizontalScrollbarShow>False</horizontalScrollbarShow>
        <horizontalScrollbarProgress>0</horizontalScrollbarProgress>
        <links eventType="AtClick" animate="AmPushRight" animateAutoDelay="0" animateDuration="500">
          <link targetPageID="" linkType="ltPageLink" isApplyIncludePage="False" title="Link">
            <area shape="0" alt="" ID="{0D86FA7C-D3B9-4C50-9B92-EDB051649011}" coords="(0,0,46,46)"/>
          </link>
        </links>
        <interactiveData>
          <entry title="">
            <area shape="0" alt="" ID="{B634CE02-4A08-46D6-927E-48164C9B79B2}" coords="(0,0,46,46)"/>
            <events title=""/>
          </entry>
        </interactiveData>
        <groupChildrenDescriptors>
          <control controlID="1EA5DD4B-FA3B-4367-AB19-BB6ABA5CF229" controlTypeID="Panel" isShow="True" caption="Panel" x="0" y="0" w="1200" h="1920" measuredW="0" measuredH="0" zOrder="0" locked="True" sizeLocked="False">
            <controlProperties>
              <basic color="1879048192" borderVisible="False" borderColor="4284900966" isAutoSize="False" status="MsEnabled" opacity="1" isCommentCom="False" canMove="False" alias="background" rotation="0"/>
              <states/>
              <verticalScrollbarShow>False</verticalScrollbarShow>
              <verticalScrollbarProgress>0</verticalScrollbarProgress>
              <horizontalScrollbarShow>False</horizontalScrollbarShow>
              <horizontalScrollbarProgress>0</horizontalScrollbarProgress>
              <links eventType="AtClick" animate="AmPushRight" animateAutoDelay="0" animateDuration="500">
                <link targetPageID="" linkType="ltPageLink" isApplyIncludePage="False" title="Link">
                  <area shape="0" alt="" ID="{346ED2BE-0A0A-48AF-AA69-4A55340E848F}" coords="(0,0,1200,1920)"/>
                </link>
              </links>
              <interactiveData>
                <entry title="">
                  <area shape="0" alt="" ID="{7794557F-3475-4C7B-A1EC-36354C97D7F1}" coords="(0,0,1200,1920)"/>
                  <events title=""/>
                </entry>
              </interactiveData>
              <groupChildrenDescriptors>
                <control controlID="1CADA911-0089-44BC-98C1-8E2926F8A008" controlTypeID="Border" isShow="True" caption="Border" x="0" y="0" w="1200" h="1920" measuredW="0" measuredH="0" zOrder="0" locked="True" sizeLocked="False">
                  <controlProperties>
                    <basic color="4294967295" borderVisible="False" borderColor="4284900966" isAutoSize="False" status="MsEnabled" opacity="1" isCommentCom="False" canMove="True" alias="borderLayer" rotation="0"/>
                    <states/>
                    <verticalScrollbarShow>False</verticalScrollbarShow>
                    <verticalScrollbarProgress>0</verticalScrollbarProgress>
                    <horizontalScrollbarShow>False</horizontalScrollbarShow>
                    <horizontalScrollbarProgress>0</horizontalScrollbarProgress>
                    <links eventType="AtClick" animate="AmPushRight" animateAutoDelay="0" animateDuration="500">
                      <link targetPageID="" linkType="ltPageLink" isApplyIncludePage="False" title="Link">
                        <area shape="0" alt="" ID="{11FDF919-96A4-4A57-B4E4-25409F90769B}" coords="(0,0,1200,1920)"/>
                      </link>
                    </links>
                    <interactiveData>
                      <entry title="">
                        <area shape="0" alt="" ID="{119D48FE-C1B3-412F-B0B7-4897B8FACDA4}" coords="(0,0,1200,1920)"/>
                        <events title=""/>
                      </entry>
                    </interactiveData>
                    <thickness>1</thickness>
                    <dashMode>SdSolid</dashMode>
                  </controlProperties>
                </control>
              </groupChildrenDescriptors>
              <thinkness>1</thinkness>
              <dashMode>SdSolid</dashMode>
            </controlProperties>
          </control>
          <control controlID="21F5BE41-2574-431D-9DE0-870E343B7154" controlTypeID="List" isShow="True" caption="List" x="259" y="500" w="572" h="285" measuredW="168" measuredH="252" zOrder="1" locked="False" sizeLocked="False">
            <controlProperties>
              <basic color="4294967295" borderVisible="True" borderColor="4278190080" isAutoSize="False" status="MsEnabled" opacity="1" isCommentCom="False" canMove="True" alias="content" rotation="0"/>
              <states/>
              <verticalScrollbarShow>True</verticalScrollbarShow>
              <verticalScrollbarProgress>0</verticalScrollbarProgress>
              <horizontalScrollbarShow>False</horizontalScrollbarShow>
              <horizontalScrollbarProgress>0</horizontalScrollbarProgress>
              <links eventType="AtClick" animate="AmPushRight" animateAutoDelay="0" animateDuration="500">
                <link targetPageID="" linkType="ltPageLink" isApplyIncludePage="False" title="K%C3%A4ytt%C3%B6tili">
                  <area shape="0" alt="" ID="{430085EA-D8C4-4897-8474-8A9F31D5E531}" coords="(1,1,571,58)"/>
                </link>
                <link targetPageID="" linkType="ltPageLink" isApplyIncludePage="False" title="S%C3%A4%C3%A4st%C3%B6tili+1">
                  <area shape="0" alt="" ID="{75EB0296-2C3A-4E45-90B9-F3840C03900A}" coords="(1,58,571,115)"/>
                </link>
                <link targetPageID="" linkType="ltPageLink" isApplyIncludePage="False" title="S%C3%A4%C3%A4st%C3%B6tili+2">
                  <area shape="0" alt="" ID="{E4C04E69-D36C-46DE-A223-F73AC7F516AE}" coords="(1,115,571,172)"/>
                </link>
              </links>
              <interactiveData>
                <entry title="K%C3%A4ytt%C3%B6tili">
                  <area shape="0" alt="" ID="{04F52780-9875-46B4-B05D-1EB57D8E2F70}" coords="(1,1,571,58)"/>
                  <events title=""/>
                </entry>
                <entry title="S%C3%A4%C3%A4st%C3%B6tili+1">
                  <area shape="0" alt="" ID="{140B046C-A958-4F67-8AA2-00DB0ACB69FB}" coords="(1,58,571,115)"/>
                  <events title=""/>
                </entry>
                <entry title="S%C3%A4%C3%A4st%C3%B6tili+2">
                  <area shape="0" alt="" ID="{9B11EA51-17C3-4E00-B73D-6E3051FF6F68}" coords="(1,115,571,172)"/>
                  <events title=""/>
                </entry>
              </interactiveData>
              <textSet textColor="4278190080" textSize="40" lineSpacingMultiple="1" textAlign="HaLeft" textVAlign="VaTop" textWordWrap="True" lineSpacing="48" textStyles="[]" useDefaultTextSize="False">
                <font family="Lato" displayName="Lato+Regular" postScript="" weightStyle="Regular" weight="400" isBold="False" isItalic="False"/>
                <text>K%C3%A4ytt%C3%B6tili%0D%0AS%C3%A4%C3%A4st%C3%B6tili+1%0D%0AS%C3%A4%C3%A4st%C3%B6tili+2</text>
              </textSet>
              <selectedIndex>0</selectedIndex>
              <selectedColor>268435455</selectedColor>
              <textPadding>12</textPadding>
              <itemHeight>57</itemHeight>
              <isInterlace>True</isInterlace>
              <interlaceColor>4293914607</interlaceColor>
              <separatorColor>4278190080</separatorColor>
              <showSeparator>False</showSeparator>
            </controlProperties>
          </control>
        </groupChildrenDescriptors>
      </controlProperties>
    </control>
  </controls>
  <param>
    <backgroundColor>4279259770</backgroundColor>
    <fontSize>14</fontSize>
    <fontFamily>Lato</fontFamily>
    <guideLines/>
  </param>
</mockup>