﻿<LinkSources version="1.02">
  <page ID="BD0CCAB2-F724-4456-A54B-3A73DCBA2DC5">
    <linkSource sourcePageID="6F7CCCC1-F43A-434A-9F93-4033A322CDAC" comID="9A6D742E-F78D-4F61-8C80-AB5E6E8D7DFA" comLinkType="cltPageLink"/>
    <linkSource sourcePageID="99CD03DC-7039-4329-93B7-2674B27C45C3" comID="67ED17AB-B285-4B71-8E69-383FFA19B622" comLinkType="cltPageLink"/>
    <linkSource sourcePageID="7C848527-4B31-45A7-8129-683ACD86E1C9" comID="3FC9017D-9B4C-4CA2-A17A-554C1DD90D74" comLinkType="cltPageLink"/>
    <linkSource sourcePageID="87C75412-B741-4C12-A72F-8497798B5047" comID="67ED17AB-B285-4B71-8E69-383FFA19B622" comLinkType="cltPageLink"/>
    <linkSource sourcePageID="7AD8B402-453B-43F9-B2EC-A29404144855" comID="67ED17AB-B285-4B71-8E69-383FFA19B622" comLinkType="cltPageLink"/>
    <linkSource sourcePageID="270383F9-E618-4B99-829B-B2C946640C65" comID="9A6D742E-F78D-4F61-8C80-AB5E6E8D7DFA" comLinkType="cltPageLink"/>
    <linkSource sourcePageID="87C75412-B741-4C12-A72F-8497798B5047" comID="41589722-1CC7-4EA0-B845-271A4E2E2876" comLinkType="cltPageLink"/>
    <linkSource sourcePageID="01DAE169-B26D-4F6B-BF46-BE177D1F4644" comID="9A6D742E-F78D-4F61-8C80-AB5E6E8D7DFA" comLinkType="cltPageLink"/>
    <linkSource sourcePageID="7C848527-4B31-45A7-8129-683ACD86E1C9" comID="8C778C5D-748B-4F9F-BC5D-F156171C6E75" comLinkType="cltPageLink"/>
    <linkSource sourcePageID="3E70FF15-763D-4ABF-92F7-4199A0EE6462" comID="C0A92D7B-4F13-4ABD-A1E4-F2F45F481232" comLinkType="cltPageLink"/>
    <linkSource sourcePageID="06BAB5E6-3030-4C07-AEE5-9663068D2A9E" comID="67ED17AB-B285-4B71-8E69-383FFA19B622" comLinkType="cltPageLink"/>
    <linkSource sourcePageID="5CF8C861-A129-4EE7-B4A8-FDE5DA26EE38" comID="C0A92D7B-4F13-4ABD-A1E4-F2F45F481232" comLinkType="cltPageLink"/>
    <linkSource sourcePageID="07C65BDD-CB33-495A-B446-DDBAC79CD7DF" comID="67ED17AB-B285-4B71-8E69-383FFA19B622" comLinkType="cltPageLink"/>
    <linkSource sourcePageID="9ACA7FF7-CBF3-45C4-A694-84F40EFAF072" comID="67ED17AB-B285-4B71-8E69-383FFA19B622" comLinkType="cltPageLink"/>
    <linkSource sourcePageID="EA9BAA03-FDE0-4419-905E-E7641D61BC7D" comID="67ED17AB-B285-4B71-8E69-383FFA19B622" comLinkType="cltPageLink"/>
    <linkSource sourcePageID="694CAFFE-5108-45AA-92E2-2C46D242C436" comID="9A6D742E-F78D-4F61-8C80-AB5E6E8D7DFA" comLinkType="cltPageLink"/>
    <linkSource sourcePageID="F9396176-96FA-462C-8BBD-E18D724F2711" comID="9A6D742E-F78D-4F61-8C80-AB5E6E8D7DFA" comLinkType="cltPageLink"/>
    <linkSource sourcePageID="6FF4B8D0-0093-4F51-9043-DE9FF072E5EF" comID="9A6D742E-F78D-4F61-8C80-AB5E6E8D7DFA" comLinkType="cltPageLink"/>
    <linkSource sourcePageID="694CAFFE-5108-45AA-92E2-2C46D242C436" comID="9A61F339-42CB-4795-9D97-A30F56D5CB51" comLinkType="cltPageLink"/>
    <linkSource sourcePageID="9D5E73F7-E31E-4697-9242-611B6241C7CE" comID="9A6D742E-F78D-4F61-8C80-AB5E6E8D7DFA" comLinkType="cltPageLink"/>
    <linkSource sourcePageID="C03DE62D-75B5-4491-83C0-B246B3A17B99" comID="9A6D742E-F78D-4F61-8C80-AB5E6E8D7DFA" comLinkType="cltPageLink"/>
    <linkSource sourcePageID="664FAEA8-BECB-4CFE-951C-3AF818766084" comID="9A6D742E-F78D-4F61-8C80-AB5E6E8D7DFA" comLinkType="cltPageLink"/>
  </page>
  <page ID="6F7CCCC1-F43A-434A-9F93-4033A322CDAC">
    <linkSource sourcePageID="BD0CCAB2-F724-4456-A54B-3A73DCBA2DC5" comID="07260412-E1DD-4359-9C17-582FE8044C9C" comLinkType="cltPageLink"/>
    <linkSource sourcePageID="BD0CCAB2-F724-4456-A54B-3A73DCBA2DC5" comID="09A4F261-9CEC-4841-9FF4-1888FC7649C1" comLinkType="cltPageLink"/>
    <linkSource sourcePageID="6F7CCCC1-F43A-434A-9F93-4033A322CDAC" comID="3E39F5DE-B912-426B-B603-25E72AFD978C" comLinkType="cltPageLink"/>
    <linkSource sourcePageID="99CD03DC-7039-4329-93B7-2674B27C45C3" comID="0BFB0975-D11F-445C-93F7-A59C38F47729" comLinkType="cltPageLink"/>
    <linkSource sourcePageID="6F7CCCC1-F43A-434A-9F93-4033A322CDAC" comID="1CED518F-CB3A-404C-BA8F-50E85F1A50C7" comLinkType="cltPageLink"/>
    <linkSource sourcePageID="6F7CCCC1-F43A-434A-9F93-4033A322CDAC" comID="12B8B69C-E39B-4F7A-8A22-41D1621C93AD" comLinkType="cltPageLink"/>
    <linkSource sourcePageID="6F7CCCC1-F43A-434A-9F93-4033A322CDAC" comID="9A6D742E-F78D-4F61-8C80-AB5E6E8D7DFA" comLinkType="cltPageLink"/>
    <linkSource sourcePageID="7C848527-4B31-45A7-8129-683ACD86E1C9" comID="FE7A917F-A013-4CBD-B760-85CD12836DE1" comLinkType="cltPageLink"/>
    <linkSource sourcePageID="99CD03DC-7039-4329-93B7-2674B27C45C3" comID="E47F64EC-895A-4F74-8AE7-F36708371624" comLinkType="cltPageLink"/>
    <linkSource sourcePageID="87C75412-B741-4C12-A72F-8497798B5047" comID="E47F64EC-895A-4F74-8AE7-F36708371624" comLinkType="cltPageLink"/>
    <linkSource sourcePageID="7AD8B402-453B-43F9-B2EC-A29404144855" comID="E47F64EC-895A-4F74-8AE7-F36708371624" comLinkType="cltPageLink"/>
    <linkSource sourcePageID="270383F9-E618-4B99-829B-B2C946640C65" comID="5DA88113-97F6-4895-916B-0962FEAAB7B1" comLinkType="cltPageLink"/>
    <linkSource sourcePageID="87C75412-B741-4C12-A72F-8497798B5047" comID="1A111A73-7BCB-4FCD-ADE2-9EB2BE9BF2E5" comLinkType="cltPageLink"/>
    <linkSource sourcePageID="87C75412-B741-4C12-A72F-8497798B5047" comID="C981B4CD-CE02-4D5C-ABE8-AA8E03A3FE0B" comLinkType="cltPageLink"/>
    <linkSource sourcePageID="01DAE169-B26D-4F6B-BF46-BE177D1F4644" comID="A0D15376-3BEC-4DE2-9A55-2DFDFD4BBCF7" comLinkType="cltPageLink"/>
    <linkSource sourcePageID="87C75412-B741-4C12-A72F-8497798B5047" comID="1D211E3A-A9C0-4427-AB63-F4E246FF4EA0" comLinkType="cltPageLink"/>
    <linkSource sourcePageID="6F7CCCC1-F43A-434A-9F93-4033A322CDAC" comID="EECF29CE-E69D-43D7-BEF5-B169C099DDFF" comLinkType="cltPageLink"/>
    <linkSource sourcePageID="6F7CCCC1-F43A-434A-9F93-4033A322CDAC" comID="D8D1011C-FD68-4109-B121-A8C67E28995F" comLinkType="cltPageLink"/>
    <linkSource sourcePageID="6F7CCCC1-F43A-434A-9F93-4033A322CDAC" comID="CB95DE69-696C-4C76-A6A5-8ABB2A21DD8B" comLinkType="cltPageLink"/>
    <linkSource sourcePageID="6F7CCCC1-F43A-434A-9F93-4033A322CDAC" comID="AF92B274-3B78-4E59-97CE-B61F28745639" comLinkType="cltPageLink"/>
    <linkSource sourcePageID="6F7CCCC1-F43A-434A-9F93-4033A322CDAC" comID="DCC8407A-200E-44B6-B419-EB05AF6329A1" comLinkType="cltPageLink"/>
    <linkSource sourcePageID="6F7CCCC1-F43A-434A-9F93-4033A322CDAC" comID="41A58807-2C09-43B4-8E6B-412743BB1519" comLinkType="cltPageLink"/>
    <linkSource sourcePageID="06BAB5E6-3030-4C07-AEE5-9663068D2A9E" comID="057D32FC-621B-4BBA-97EC-321B6498FDD6" comLinkType="cltPageLink"/>
    <linkSource sourcePageID="9ACA7FF7-CBF3-45C4-A694-84F40EFAF072" comID="057D32FC-621B-4BBA-97EC-321B6498FDD6" comLinkType="cltPageLink"/>
    <linkSource sourcePageID="3E70FF15-763D-4ABF-92F7-4199A0EE6462" comID="7FEA59ED-D1FC-4595-9270-4E844D5E33B1" comLinkType="cltPageLink"/>
    <linkSource sourcePageID="5CF8C861-A129-4EE7-B4A8-FDE5DA26EE38" comID="6F8A3209-73D5-4299-95D2-B9F46D880723" comLinkType="cltPageLink"/>
    <linkSource sourcePageID="07C65BDD-CB33-495A-B446-DDBAC79CD7DF" comID="D9381540-3523-483A-A836-DACB477D7818" comLinkType="cltPageLink"/>
    <linkSource sourcePageID="EA9BAA03-FDE0-4419-905E-E7641D61BC7D" comID="D9381540-3523-483A-A836-DACB477D7818" comLinkType="cltPageLink"/>
    <linkSource sourcePageID="694CAFFE-5108-45AA-92E2-2C46D242C436" comID="E4E436C2-2FCA-4E35-957C-FEC0E5D34EA4" comLinkType="cltPageLink"/>
    <linkSource sourcePageID="6FF4B8D0-0093-4F51-9043-DE9FF072E5EF" comID="A0D15376-3BEC-4DE2-9A55-2DFDFD4BBCF7" comLinkType="cltPageLink"/>
    <linkSource sourcePageID="694CAFFE-5108-45AA-92E2-2C46D242C436" comID="9A61F339-42CB-4795-9D97-A30F56D5CB51" comLinkType="cltPageLink"/>
    <linkSource sourcePageID="9D5E73F7-E31E-4697-9242-611B6241C7CE" comID="E4E436C2-2FCA-4E35-957C-FEC0E5D34EA4" comLinkType="cltPageLink"/>
    <linkSource sourcePageID="9D5E73F7-E31E-4697-9242-611B6241C7CE" comID="9A61F339-42CB-4795-9D97-A30F56D5CB51" comLinkType="cltPageLink"/>
    <linkSource sourcePageID="270383F9-E618-4B99-829B-B2C946640C65" comID="E0BF7925-CF33-431F-A0A8-C6DBCECBB277" comLinkType="cltPageLink"/>
    <linkSource sourcePageID="9D5E73F7-E31E-4697-9242-611B6241C7CE" comID="198517DF-2A3A-4556-84F1-D2568DEE3542" comLinkType="cltPageLink"/>
    <linkSource sourcePageID="C03DE62D-75B5-4491-83C0-B246B3A17B99" comID="E4E436C2-2FCA-4E35-957C-FEC0E5D34EA4" comLinkType="cltPageLink"/>
    <linkSource sourcePageID="C03DE62D-75B5-4491-83C0-B246B3A17B99" comID="7125436E-BB42-4178-B0C1-0359BC21448A" comLinkType="cltPageLink"/>
    <linkSource sourcePageID="664FAEA8-BECB-4CFE-951C-3AF818766084" comID="E4E436C2-2FCA-4E35-957C-FEC0E5D34EA4" comLinkType="cltPageLink"/>
    <linkSource sourcePageID="C03DE62D-75B5-4491-83C0-B246B3A17B99" comID="2C9CB7DD-E08D-44E1-BA3B-B9D458FE1207" comLinkType="cltPageLink"/>
    <linkSource sourcePageID="664FAEA8-BECB-4CFE-951C-3AF818766084" comID="2154275C-8B79-4679-85E8-3B3F0E282EE3" comLinkType="cltPageLink"/>
    <linkSource sourcePageID="6FF4B8D0-0093-4F51-9043-DE9FF072E5EF" comID="0BFB0975-D11F-445C-93F7-A59C38F47729" comLinkType="cltPageLink"/>
  </page>
  <page ID="270383F9-E618-4B99-829B-B2C946640C65">
    <linkSource sourcePageID="270383F9-E618-4B99-829B-B2C946640C65" comID="0BFB0975-D11F-445C-93F7-A59C38F47729" comLinkType="cltPageLink"/>
    <linkSource sourcePageID="6F7CCCC1-F43A-434A-9F93-4033A322CDAC" comID="3138B781-9159-4FF5-9759-E4C2EFE75FAB" comLinkType="cltPageLink"/>
    <linkSource sourcePageID="87C75412-B741-4C12-A72F-8497798B5047" comID="DB964E7D-5DF8-42C5-B6FD-6F80C9A31A8E" comLinkType="cltPageLink"/>
  </page>
  <page ID="87C75412-B741-4C12-A72F-8497798B5047">
    <linkSource sourcePageID="87C75412-B741-4C12-A72F-8497798B5047" comID="41BF3261-826A-4096-898B-DB7CE36C987C" comLinkType="cltPageLink"/>
    <linkSource sourcePageID="87C75412-B741-4C12-A72F-8497798B5047" comID="A582AB73-15CF-4210-BE5B-231E329AAFDD" comLinkType="cltPageLink"/>
    <linkSource sourcePageID="87C75412-B741-4C12-A72F-8497798B5047" comID="452E0637-816F-4D2F-BE4E-ED0C06AE276F" comLinkType="cltPageLink"/>
    <linkSource sourcePageID="7AD8B402-453B-43F9-B2EC-A29404144855" comID="452E0637-816F-4D2F-BE4E-ED0C06AE276F" comLinkType="cltPageLink"/>
    <linkSource sourcePageID="6F7CCCC1-F43A-434A-9F93-4033A322CDAC" comID="F4484EEA-6823-4341-9F6B-BDABA771BFEE" comLinkType="cltPageLink"/>
    <linkSource sourcePageID="87C75412-B741-4C12-A72F-8497798B5047" comID="1D211E3A-A9C0-4427-AB63-F4E246FF4EA0" comLinkType="cltPageLink"/>
    <linkSource sourcePageID="01DAE169-B26D-4F6B-BF46-BE177D1F4644" comID="A0D15376-3BEC-4DE2-9A55-2DFDFD4BBCF7" comLinkType="cltPageLink"/>
    <linkSource sourcePageID="3E70FF15-763D-4ABF-92F7-4199A0EE6462" comID="E65AF9CB-5FB3-4385-8784-043224457E19" comLinkType="cltPageLink"/>
    <linkSource sourcePageID="270383F9-E618-4B99-829B-B2C946640C65" comID="A7E594A7-F914-45DC-A586-D36E5BF68736" comLinkType="cltPageLink"/>
    <linkSource sourcePageID="270383F9-E618-4B99-829B-B2C946640C65" comID="AA2FAC9F-4E90-4615-A20A-646915602A8A" comLinkType="cltPageLink"/>
    <linkSource sourcePageID="270383F9-E618-4B99-829B-B2C946640C65" comID="BFA17352-44DA-4DA5-81FB-A580A0A50222" comLinkType="cltPageLink"/>
    <linkSource sourcePageID="270383F9-E618-4B99-829B-B2C946640C65" comID="A6430FBF-C201-41EC-BBAB-D4560B6F50CF" comLinkType="cltPageLink"/>
    <linkSource sourcePageID="270383F9-E618-4B99-829B-B2C946640C65" comID="AC0EE590-283C-4EF1-BC48-5656D23F7299" comLinkType="cltPageLink"/>
    <linkSource sourcePageID="270383F9-E618-4B99-829B-B2C946640C65" comID="D2B15CA6-0AEE-4B5A-A35F-F7F287EFD4E4" comLinkType="cltPageLink"/>
    <linkSource sourcePageID="270383F9-E618-4B99-829B-B2C946640C65" comID="E0BF7925-CF33-431F-A0A8-C6DBCECBB277" comLinkType="cltPageLink"/>
  </page>
  <page ID="01DAE169-B26D-4F6B-BF46-BE177D1F4644">
    <linkSource sourcePageID="01DAE169-B26D-4F6B-BF46-BE177D1F4644" comID="0BFB0975-D11F-445C-93F7-A59C38F47729" comLinkType="cltPageLink"/>
    <linkSource sourcePageID="87C75412-B741-4C12-A72F-8497798B5047" comID="DB964E7D-5DF8-42C5-B6FD-6F80C9A31A8E" comLinkType="cltPageLink"/>
  </page>
  <page ID="99CD03DC-7039-4329-93B7-2674B27C45C3">
    <linkSource sourcePageID="6F7CCCC1-F43A-434A-9F93-4033A322CDAC" comID="89F4865B-9F13-46C9-8945-E0D9B83E42F2" comLinkType="cltPageLink"/>
    <linkSource sourcePageID="6F7CCCC1-F43A-434A-9F93-4033A322CDAC" comID="4282B6CE-CDB6-4539-B006-191941E22C63" comLinkType="cltPageLink"/>
    <linkSource sourcePageID="6F7CCCC1-F43A-434A-9F93-4033A322CDAC" comID="AF48C146-9E81-435D-8F99-A00140930D77" comLinkType="cltPageLink"/>
    <linkSource sourcePageID="7C848527-4B31-45A7-8129-683ACD86E1C9" comID="12B8B69C-E39B-4F7A-8A22-41D1621C93AD" comLinkType="cltPageLink"/>
    <linkSource sourcePageID="6F7CCCC1-F43A-434A-9F93-4033A322CDAC" comID="9A6D742E-F78D-4F61-8C80-AB5E6E8D7DFA" comLinkType="cltPageLink"/>
    <linkSource sourcePageID="6F7CCCC1-F43A-434A-9F93-4033A322CDAC" comID="BCD67CAD-33C5-4808-81CF-053C7A9DD7E8" comLinkType="cltPageLink"/>
    <linkSource sourcePageID="7C848527-4B31-45A7-8129-683ACD86E1C9" comID="C3361095-CC18-4DA3-BBF7-DC4E9E03A298" comLinkType="cltPageLink"/>
    <linkSource sourcePageID="99CD03DC-7039-4329-93B7-2674B27C45C3" comID="41BF3261-826A-4096-898B-DB7CE36C987C" comLinkType="cltPageLink"/>
    <linkSource sourcePageID="99CD03DC-7039-4329-93B7-2674B27C45C3" comID="AEA57993-F8E0-43C6-A633-B6AF8997ED16" comLinkType="cltPageLink"/>
    <linkSource sourcePageID="99CD03DC-7039-4329-93B7-2674B27C45C3" comID="691D66E2-EA2C-46B8-AE75-1F3B6542D1C0" comLinkType="cltPageLink"/>
    <linkSource sourcePageID="99CD03DC-7039-4329-93B7-2674B27C45C3" comID="A582AB73-15CF-4210-BE5B-231E329AAFDD" comLinkType="cltPageLink"/>
    <linkSource sourcePageID="99CD03DC-7039-4329-93B7-2674B27C45C3" comID="452E0637-816F-4D2F-BE4E-ED0C06AE276F" comLinkType="cltPageLink"/>
    <linkSource sourcePageID="87C75412-B741-4C12-A72F-8497798B5047" comID="452E0637-816F-4D2F-BE4E-ED0C06AE276F" comLinkType="cltPageLink"/>
    <linkSource sourcePageID="6F7CCCC1-F43A-434A-9F93-4033A322CDAC" comID="A0D15376-3BEC-4DE2-9A55-2DFDFD4BBCF7" comLinkType="cltPageLink"/>
    <linkSource sourcePageID="6F7CCCC1-F43A-434A-9F93-4033A322CDAC" comID="3138B781-9159-4FF5-9759-E4C2EFE75FAB" comLinkType="cltPageLink"/>
    <linkSource sourcePageID="270383F9-E618-4B99-829B-B2C946640C65" comID="12B8B69C-E39B-4F7A-8A22-41D1621C93AD" comLinkType="cltPageLink"/>
    <linkSource sourcePageID="270383F9-E618-4B99-829B-B2C946640C65" comID="A0D15376-3BEC-4DE2-9A55-2DFDFD4BBCF7" comLinkType="cltPageLink"/>
    <linkSource sourcePageID="270383F9-E618-4B99-829B-B2C946640C65" comID="5DA88113-97F6-4895-916B-0962FEAAB7B1" comLinkType="cltPageLink"/>
    <linkSource sourcePageID="87C75412-B741-4C12-A72F-8497798B5047" comID="0B26CCC7-3BB3-4AB3-915F-609D5B2890C8" comLinkType="cltPageLink"/>
    <linkSource sourcePageID="87C75412-B741-4C12-A72F-8497798B5047" comID="B4173CEE-946A-4B94-BF12-7A5BC94F880A" comLinkType="cltPageLink"/>
    <linkSource sourcePageID="01DAE169-B26D-4F6B-BF46-BE177D1F4644" comID="12B8B69C-E39B-4F7A-8A22-41D1621C93AD" comLinkType="cltPageLink"/>
    <linkSource sourcePageID="6F7CCCC1-F43A-434A-9F93-4033A322CDAC" comID="07E77FEE-68CE-4650-BFDA-C060A233AFB9" comLinkType="cltPageLink"/>
    <linkSource sourcePageID="6F7CCCC1-F43A-434A-9F93-4033A322CDAC" comID="9C6FE600-4F46-419D-92C7-F4693F9AA9A5" comLinkType="cltPageLink"/>
    <linkSource sourcePageID="6F7CCCC1-F43A-434A-9F93-4033A322CDAC" comID="4297C5D3-4569-4A61-8608-23F2ABE0E357" comLinkType="cltPageLink"/>
    <linkSource sourcePageID="6F7CCCC1-F43A-434A-9F93-4033A322CDAC" comID="A632B27D-9792-400B-9E61-E897ACC67EF1" comLinkType="cltPageLink"/>
    <linkSource sourcePageID="6F7CCCC1-F43A-434A-9F93-4033A322CDAC" comID="8626CC74-0B50-4797-B9C3-8A27217DA28A" comLinkType="cltPageLink"/>
    <linkSource sourcePageID="6F7CCCC1-F43A-434A-9F93-4033A322CDAC" comID="2055F1F5-C57F-4D88-A424-0BF868CA43C1" comLinkType="cltPageLink"/>
    <linkSource sourcePageID="7C848527-4B31-45A7-8129-683ACD86E1C9" comID="B744B75E-ED89-43F8-8BDD-824209AD7AB3" comLinkType="cltPageLink"/>
    <linkSource sourcePageID="06BAB5E6-3030-4C07-AEE5-9663068D2A9E" comID="2D30FA02-C094-48E3-AE5E-B6DB23854817" comLinkType="cltPageLink"/>
    <linkSource sourcePageID="9ACA7FF7-CBF3-45C4-A694-84F40EFAF072" comID="2D30FA02-C094-48E3-AE5E-B6DB23854817" comLinkType="cltPageLink"/>
    <linkSource sourcePageID="3E70FF15-763D-4ABF-92F7-4199A0EE6462" comID="3E2ECE22-B392-4AEC-9D04-36835F8A1434" comLinkType="cltPageLink"/>
    <linkSource sourcePageID="5CF8C861-A129-4EE7-B4A8-FDE5DA26EE38" comID="18C5AE4D-5032-49B8-A33B-45165168BC58" comLinkType="cltPageLink"/>
    <linkSource sourcePageID="07C65BDD-CB33-495A-B446-DDBAC79CD7DF" comID="6542D7D4-8E1C-46DF-9337-1F5217E09332" comLinkType="cltPageLink"/>
    <linkSource sourcePageID="7C848527-4B31-45A7-8129-683ACD86E1C9" comID="BAADD2CE-A325-4E8F-A164-048F3787CEE0" comLinkType="cltPageLink"/>
    <linkSource sourcePageID="EA9BAA03-FDE0-4419-905E-E7641D61BC7D" comID="6542D7D4-8E1C-46DF-9337-1F5217E09332" comLinkType="cltPageLink"/>
    <linkSource sourcePageID="694CAFFE-5108-45AA-92E2-2C46D242C436" comID="ECD02810-A3E2-4DBC-A32A-06718E4AC335" comLinkType="cltPageLink"/>
    <linkSource sourcePageID="F9396176-96FA-462C-8BBD-E18D724F2711" comID="12B8B69C-E39B-4F7A-8A22-41D1621C93AD" comLinkType="cltPageLink"/>
    <linkSource sourcePageID="6FF4B8D0-0093-4F51-9043-DE9FF072E5EF" comID="12B8B69C-E39B-4F7A-8A22-41D1621C93AD" comLinkType="cltPageLink"/>
    <linkSource sourcePageID="3E70FF15-763D-4ABF-92F7-4199A0EE6462" comID="22EBCE06-F80C-47B5-A40A-F9BFDDD43B46" comLinkType="cltPageLink"/>
    <linkSource sourcePageID="3E70FF15-763D-4ABF-92F7-4199A0EE6462" comID="BE10DEA3-7A0C-4171-A330-569E96354FA8" comLinkType="cltPageLink"/>
    <linkSource sourcePageID="3E70FF15-763D-4ABF-92F7-4199A0EE6462" comID="4574595A-9294-4CAA-B83B-79130D8EAA56" comLinkType="cltPageLink"/>
    <linkSource sourcePageID="9D5E73F7-E31E-4697-9242-611B6241C7CE" comID="ECD02810-A3E2-4DBC-A32A-06718E4AC335" comLinkType="cltPageLink"/>
    <linkSource sourcePageID="9D5E73F7-E31E-4697-9242-611B6241C7CE" comID="78C0AFAE-AA7B-43AA-8609-AE3F49DF0D21" comLinkType="cltPageLink"/>
    <linkSource sourcePageID="694CAFFE-5108-45AA-92E2-2C46D242C436" comID="E0BF6F1F-495D-4CCE-8B5A-7DEB323D8568" comLinkType="cltPageLink"/>
    <linkSource sourcePageID="C03DE62D-75B5-4491-83C0-B246B3A17B99" comID="ECD02810-A3E2-4DBC-A32A-06718E4AC335" comLinkType="cltPageLink"/>
    <linkSource sourcePageID="C03DE62D-75B5-4491-83C0-B246B3A17B99" comID="78C0AFAE-AA7B-43AA-8609-AE3F49DF0D21" comLinkType="cltPageLink"/>
    <linkSource sourcePageID="664FAEA8-BECB-4CFE-951C-3AF818766084" comID="ECD02810-A3E2-4DBC-A32A-06718E4AC335" comLinkType="cltPageLink"/>
    <linkSource sourcePageID="664FAEA8-BECB-4CFE-951C-3AF818766084" comID="78C0AFAE-AA7B-43AA-8609-AE3F49DF0D21" comLinkType="cltPageLink"/>
    <linkSource sourcePageID="664FAEA8-BECB-4CFE-951C-3AF818766084" comID="E0BF6F1F-495D-4CCE-8B5A-7DEB323D8568" comLinkType="cltPageLink"/>
  </page>
  <page ID="694CAFFE-5108-45AA-92E2-2C46D242C436">
    <linkSource sourcePageID="F9396176-96FA-462C-8BBD-E18D724F2711" comID="A0D15376-3BEC-4DE2-9A55-2DFDFD4BBCF7" comLinkType="cltPageLink"/>
    <linkSource sourcePageID="3E70FF15-763D-4ABF-92F7-4199A0EE6462" comID="22EBCE06-F80C-47B5-A40A-F9BFDDD43B46" comLinkType="cltPageLink"/>
    <linkSource sourcePageID="3E70FF15-763D-4ABF-92F7-4199A0EE6462" comID="BE10DEA3-7A0C-4171-A330-569E96354FA8" comLinkType="cltPageLink"/>
    <linkSource sourcePageID="3E70FF15-763D-4ABF-92F7-4199A0EE6462" comID="4574595A-9294-4CAA-B83B-79130D8EAA56" comLinkType="cltPageLink"/>
    <linkSource sourcePageID="99CD03DC-7039-4329-93B7-2674B27C45C3" comID="AEA57993-F8E0-43C6-A633-B6AF8997ED16" comLinkType="cltPageLink"/>
    <linkSource sourcePageID="7C848527-4B31-45A7-8129-683ACD86E1C9" comID="B744B75E-ED89-43F8-8BDD-824209AD7AB3" comLinkType="cltPageLink"/>
    <linkSource sourcePageID="99CD03DC-7039-4329-93B7-2674B27C45C3" comID="A4FB6F41-7EA7-4AF4-BCA4-90E120C22F4D" comLinkType="cltPageLink"/>
    <linkSource sourcePageID="6F7CCCC1-F43A-434A-9F93-4033A322CDAC" comID="A0D15376-3BEC-4DE2-9A55-2DFDFD4BBCF7" comLinkType="cltPageLink"/>
    <linkSource sourcePageID="6F7CCCC1-F43A-434A-9F93-4033A322CDAC" comID="A632B27D-9792-400B-9E61-E897ACC67EF1" comLinkType="cltPageLink"/>
    <linkSource sourcePageID="270383F9-E618-4B99-829B-B2C946640C65" comID="12B8B69C-E39B-4F7A-8A22-41D1621C93AD" comLinkType="cltPageLink"/>
    <linkSource sourcePageID="87C75412-B741-4C12-A72F-8497798B5047" comID="0B26CCC7-3BB3-4AB3-915F-609D5B2890C8" comLinkType="cltPageLink"/>
    <linkSource sourcePageID="01DAE169-B26D-4F6B-BF46-BE177D1F4644" comID="12B8B69C-E39B-4F7A-8A22-41D1621C93AD" comLinkType="cltPageLink"/>
    <linkSource sourcePageID="99CD03DC-7039-4329-93B7-2674B27C45C3" comID="41BF3261-826A-4096-898B-DB7CE36C987C" comLinkType="cltPageLink"/>
    <linkSource sourcePageID="694CAFFE-5108-45AA-92E2-2C46D242C436" comID="ECD02810-A3E2-4DBC-A32A-06718E4AC335" comLinkType="cltPageLink"/>
    <linkSource sourcePageID="664FAEA8-BECB-4CFE-951C-3AF818766084" comID="ECD02810-A3E2-4DBC-A32A-06718E4AC335" comLinkType="cltPageLink"/>
    <linkSource sourcePageID="9D5E73F7-E31E-4697-9242-611B6241C7CE" comID="ECD02810-A3E2-4DBC-A32A-06718E4AC335" comLinkType="cltPageLink"/>
    <linkSource sourcePageID="7C848527-4B31-45A7-8129-683ACD86E1C9" comID="C3361095-CC18-4DA3-BBF7-DC4E9E03A298" comLinkType="cltPageLink"/>
    <linkSource sourcePageID="5CF8C861-A129-4EE7-B4A8-FDE5DA26EE38" comID="18C5AE4D-5032-49B8-A33B-45165168BC58" comLinkType="cltPageLink"/>
    <linkSource sourcePageID="07C65BDD-CB33-495A-B446-DDBAC79CD7DF" comID="6542D7D4-8E1C-46DF-9337-1F5217E09332" comLinkType="cltPageLink"/>
    <linkSource sourcePageID="EA9BAA03-FDE0-4419-905E-E7641D61BC7D" comID="6542D7D4-8E1C-46DF-9337-1F5217E09332" comLinkType="cltPageLink"/>
    <linkSource sourcePageID="3E70FF15-763D-4ABF-92F7-4199A0EE6462" comID="3E2ECE22-B392-4AEC-9D04-36835F8A1434" comLinkType="cltPageLink"/>
    <linkSource sourcePageID="6FF4B8D0-0093-4F51-9043-DE9FF072E5EF" comID="12B8B69C-E39B-4F7A-8A22-41D1621C93AD" comLinkType="cltPageLink"/>
  </page>
  <page ID="664FAEA8-BECB-4CFE-951C-3AF818766084">
    <linkSource sourcePageID="694CAFFE-5108-45AA-92E2-2C46D242C436" comID="FC2B1C8F-D7EC-4F9F-AAF0-2B7563CDB312" comLinkType="cltPageLink"/>
  </page>
  <page ID="7C848527-4B31-45A7-8129-683ACD86E1C9">
    <linkSource sourcePageID="7C848527-4B31-45A7-8129-683ACD86E1C9" comID="0BFB0975-D11F-445C-93F7-A59C38F47729" comLinkType="cltPageLink"/>
    <linkSource sourcePageID="7C848527-4B31-45A7-8129-683ACD86E1C9" comID="FDDC57CC-B055-4C3D-A3DC-FB7DC75C2060" comLinkType="cltPageLink"/>
    <linkSource sourcePageID="99CD03DC-7039-4329-93B7-2674B27C45C3" comID="EE3F2C89-2094-477F-A581-18A4F404CB3C" comLinkType="cltPageLink"/>
    <linkSource sourcePageID="87C75412-B741-4C12-A72F-8497798B5047" comID="EE3F2C89-2094-477F-A581-18A4F404CB3C" comLinkType="cltPageLink"/>
    <linkSource sourcePageID="7AD8B402-453B-43F9-B2EC-A29404144855" comID="EE3F2C89-2094-477F-A581-18A4F404CB3C" comLinkType="cltPageLink"/>
    <linkSource sourcePageID="270383F9-E618-4B99-829B-B2C946640C65" comID="4517797D-D665-41A6-B6CF-A10DF9AA4A81" comLinkType="cltPageLink"/>
    <linkSource sourcePageID="87C75412-B741-4C12-A72F-8497798B5047" comID="5E3F2736-18D6-4C52-BD4A-32701256FBD0" comLinkType="cltPageLink"/>
    <linkSource sourcePageID="01DAE169-B26D-4F6B-BF46-BE177D1F4644" comID="4517797D-D665-41A6-B6CF-A10DF9AA4A81" comLinkType="cltPageLink"/>
    <linkSource sourcePageID="6F7CCCC1-F43A-434A-9F93-4033A322CDAC" comID="2F5B1BFD-C04D-4283-98EA-0B72E5E17F67" comLinkType="cltPageLink"/>
    <linkSource sourcePageID="6F7CCCC1-F43A-434A-9F93-4033A322CDAC" comID="435CFDCD-B59E-4094-B55F-F4E7B9219078" comLinkType="cltPageLink"/>
    <linkSource sourcePageID="6F7CCCC1-F43A-434A-9F93-4033A322CDAC" comID="D131C029-4D58-47A9-905E-682A77D0D52B" comLinkType="cltPageLink"/>
    <linkSource sourcePageID="6F7CCCC1-F43A-434A-9F93-4033A322CDAC" comID="925E710B-8299-4582-94CF-CF79E452B5EB" comLinkType="cltPageLink"/>
    <linkSource sourcePageID="6F7CCCC1-F43A-434A-9F93-4033A322CDAC" comID="31102BC2-30A2-438C-9B89-CFC1C802C922" comLinkType="cltPageLink"/>
    <linkSource sourcePageID="6F7CCCC1-F43A-434A-9F93-4033A322CDAC" comID="0EE65E8C-E627-44A2-8F60-F44AA467CE26" comLinkType="cltPageLink"/>
    <linkSource sourcePageID="06BAB5E6-3030-4C07-AEE5-9663068D2A9E" comID="EE3F2C89-2094-477F-A581-18A4F404CB3C" comLinkType="cltPageLink"/>
    <linkSource sourcePageID="06BAB5E6-3030-4C07-AEE5-9663068D2A9E" comID="A50B5A70-6F38-4CF2-AAAD-BE69F99DC375" comLinkType="cltPageLink"/>
    <linkSource sourcePageID="9ACA7FF7-CBF3-45C4-A694-84F40EFAF072" comID="A50B5A70-6F38-4CF2-AAAD-BE69F99DC375" comLinkType="cltPageLink"/>
    <linkSource sourcePageID="3E70FF15-763D-4ABF-92F7-4199A0EE6462" comID="A4C0C003-85EA-4335-A003-EF6202565317" comLinkType="cltPageLink"/>
    <linkSource sourcePageID="5CF8C861-A129-4EE7-B4A8-FDE5DA26EE38" comID="29A37205-53A9-4693-A0E9-32D2CF55C225" comLinkType="cltPageLink"/>
    <linkSource sourcePageID="07C65BDD-CB33-495A-B446-DDBAC79CD7DF" comID="2FE2DE22-BFF0-4BDC-B20A-DBC7A968BAB8" comLinkType="cltPageLink"/>
    <linkSource sourcePageID="EA9BAA03-FDE0-4419-905E-E7641D61BC7D" comID="2FE2DE22-BFF0-4BDC-B20A-DBC7A968BAB8" comLinkType="cltPageLink"/>
    <linkSource sourcePageID="5CF8C861-A129-4EE7-B4A8-FDE5DA26EE38" comID="3C9AD498-2239-42E7-95D9-F6D3B10F49C4" comLinkType="cltPageLink"/>
    <linkSource sourcePageID="694CAFFE-5108-45AA-92E2-2C46D242C436" comID="383065D4-8702-44F1-A194-55477EAFFC01" comLinkType="cltPageLink"/>
    <linkSource sourcePageID="F9396176-96FA-462C-8BBD-E18D724F2711" comID="4517797D-D665-41A6-B6CF-A10DF9AA4A81" comLinkType="cltPageLink"/>
    <linkSource sourcePageID="6FF4B8D0-0093-4F51-9043-DE9FF072E5EF" comID="4517797D-D665-41A6-B6CF-A10DF9AA4A81" comLinkType="cltPageLink"/>
    <linkSource sourcePageID="9D5E73F7-E31E-4697-9242-611B6241C7CE" comID="383065D4-8702-44F1-A194-55477EAFFC01" comLinkType="cltPageLink"/>
    <linkSource sourcePageID="C03DE62D-75B5-4491-83C0-B246B3A17B99" comID="383065D4-8702-44F1-A194-55477EAFFC01" comLinkType="cltPageLink"/>
    <linkSource sourcePageID="664FAEA8-BECB-4CFE-951C-3AF818766084" comID="383065D4-8702-44F1-A194-55477EAFFC01" comLinkType="cltPageLink"/>
  </page>
  <page ID="5CF8C861-A129-4EE7-B4A8-FDE5DA26EE38">
    <linkSource sourcePageID="07C65BDD-CB33-495A-B446-DDBAC79CD7DF" comID="AEA57993-F8E0-43C6-A633-B6AF8997ED16" comLinkType="cltPageLink"/>
    <linkSource sourcePageID="07C65BDD-CB33-495A-B446-DDBAC79CD7DF" comID="884873EF-10DC-4202-A18F-56551A885558" comLinkType="cltPageLink"/>
    <linkSource sourcePageID="5CF8C861-A129-4EE7-B4A8-FDE5DA26EE38" comID="4FD55AAD-C51C-49B2-8FA4-931997894EF0" comLinkType="cltPageLink"/>
    <linkSource sourcePageID="5CF8C861-A129-4EE7-B4A8-FDE5DA26EE38" comID="3C9AD498-2239-42E7-95D9-F6D3B10F49C4" comLinkType="cltPageLink"/>
    <linkSource sourcePageID="7C848527-4B31-45A7-8129-683ACD86E1C9" comID="BAADD2CE-A325-4E8F-A164-048F3787CEE0" comLinkType="cltPageLink"/>
    <linkSource sourcePageID="EA9BAA03-FDE0-4419-905E-E7641D61BC7D" comID="4F7132F3-4241-4538-B55D-F43C9C16BD63" comLinkType="cltPageLink"/>
    <linkSource sourcePageID="EA9BAA03-FDE0-4419-905E-E7641D61BC7D" comID="B01DF0B2-2D7C-47D6-867E-CC0F56F360E0" comLinkType="cltPageLink"/>
  </page>
  <page ID="07C65BDD-CB33-495A-B446-DDBAC79CD7DF">
    <linkSource sourcePageID="5CF8C861-A129-4EE7-B4A8-FDE5DA26EE38" comID="E65AF9CB-5FB3-4385-8784-043224457E19" comLinkType="cltPageLink"/>
    <linkSource sourcePageID="5CF8C861-A129-4EE7-B4A8-FDE5DA26EE38" comID="4FD55AAD-C51C-49B2-8FA4-931997894EF0" comLinkType="cltPageLink"/>
    <linkSource sourcePageID="5CF8C861-A129-4EE7-B4A8-FDE5DA26EE38" comID="0642728F-ADFB-457D-949E-743F1D12203E" comLinkType="cltPageLink"/>
    <linkSource sourcePageID="5CF8C861-A129-4EE7-B4A8-FDE5DA26EE38" comID="4D943CD2-8EE1-4512-B473-ABBACC2EF641" comLinkType="cltPageLink"/>
    <linkSource sourcePageID="5CF8C861-A129-4EE7-B4A8-FDE5DA26EE38" comID="3163F6F5-D624-4307-965A-501A3F63A4FC" comLinkType="cltPageLink"/>
    <linkSource sourcePageID="5CF8C861-A129-4EE7-B4A8-FDE5DA26EE38" comID="B037ABAE-3F00-40CF-8D02-4BC897D9BCA1" comLinkType="cltPageLink"/>
    <linkSource sourcePageID="5CF8C861-A129-4EE7-B4A8-FDE5DA26EE38" comID="181BC3F0-B0F2-4B8E-8A86-FECA1255CFCB" comLinkType="cltPageLink"/>
    <linkSource sourcePageID="5CF8C861-A129-4EE7-B4A8-FDE5DA26EE38" comID="6636EF8F-3598-400D-A8EA-8D7545F8263C" comLinkType="cltPageLink"/>
    <linkSource sourcePageID="5CF8C861-A129-4EE7-B4A8-FDE5DA26EE38" comID="C8691CE1-BC79-408C-B8B2-934A2DDFBE36" comLinkType="cltPageLink"/>
    <linkSource sourcePageID="694CAFFE-5108-45AA-92E2-2C46D242C436" comID="6D8BE558-1AE0-4AA7-B2D3-BA851EE48542" comLinkType="cltPageLink"/>
    <linkSource sourcePageID="694CAFFE-5108-45AA-92E2-2C46D242C436" comID="34A4D6B5-1CA2-4EBD-9983-5B51BBD75410" comLinkType="cltPageLink"/>
    <linkSource sourcePageID="664FAEA8-BECB-4CFE-951C-3AF818766084" comID="6D8BE558-1AE0-4AA7-B2D3-BA851EE48542" comLinkType="cltPageLink"/>
    <linkSource sourcePageID="664FAEA8-BECB-4CFE-951C-3AF818766084" comID="34A4D6B5-1CA2-4EBD-9983-5B51BBD75410" comLinkType="cltPageLink"/>
  </page>
  <page ID="EA9BAA03-FDE0-4419-905E-E7641D61BC7D">
    <linkSource sourcePageID="5CF8C861-A129-4EE7-B4A8-FDE5DA26EE38" comID="E65AF9CB-5FB3-4385-8784-043224457E19" comLinkType="cltPageLink"/>
    <linkSource sourcePageID="5CF8C861-A129-4EE7-B4A8-FDE5DA26EE38" comID="3C9AD498-2239-42E7-95D9-F6D3B10F49C4" comLinkType="cltPageLink"/>
  </page>
  <page ID="3E70FF15-763D-4ABF-92F7-4199A0EE6462">
    <linkSource sourcePageID="3E70FF15-763D-4ABF-92F7-4199A0EE6462" comID="FDDC57CC-B055-4C3D-A3DC-FB7DC75C2060" comLinkType="cltPageLink"/>
    <linkSource sourcePageID="7C848527-4B31-45A7-8129-683ACD86E1C9" comID="0A109763-7F59-4AD0-9121-1678BCE2747D" comLinkType="cltPageLink"/>
    <linkSource sourcePageID="99CD03DC-7039-4329-93B7-2674B27C45C3" comID="5BFEDCAD-19C0-4D39-B9DB-D39E719C1F44" comLinkType="cltPageLink"/>
    <linkSource sourcePageID="01DAE169-B26D-4F6B-BF46-BE177D1F4644" comID="1E11201E-B559-41AE-AE85-ECBA9EB0FFFC" comLinkType="cltPageLink"/>
    <linkSource sourcePageID="87C75412-B741-4C12-A72F-8497798B5047" comID="0FA03A62-42CA-4F5C-A417-2C6E50BEC9CB" comLinkType="cltPageLink"/>
    <linkSource sourcePageID="270383F9-E618-4B99-829B-B2C946640C65" comID="CC40B92A-CCA5-411C-8278-ECFB3D696E37" comLinkType="cltPageLink"/>
    <linkSource sourcePageID="6F7CCCC1-F43A-434A-9F93-4033A322CDAC" comID="92BD5CC6-A9D0-4A90-BD45-6DDF70BD99F5" comLinkType="cltPageLink"/>
    <linkSource sourcePageID="06BAB5E6-3030-4C07-AEE5-9663068D2A9E" comID="5BFEDCAD-19C0-4D39-B9DB-D39E719C1F44" comLinkType="cltPageLink"/>
    <linkSource sourcePageID="06BAB5E6-3030-4C07-AEE5-9663068D2A9E" comID="884873EF-10DC-4202-A18F-56551A885558" comLinkType="cltPageLink"/>
    <linkSource sourcePageID="06BAB5E6-3030-4C07-AEE5-9663068D2A9E" comID="AEA57993-F8E0-43C6-A633-B6AF8997ED16" comLinkType="cltPageLink"/>
    <linkSource sourcePageID="3E70FF15-763D-4ABF-92F7-4199A0EE6462" comID="63022651-076B-48DE-AD81-6E647CFF47BA" comLinkType="cltPageLink"/>
    <linkSource sourcePageID="9ACA7FF7-CBF3-45C4-A694-84F40EFAF072" comID="AEA57993-F8E0-43C6-A633-B6AF8997ED16" comLinkType="cltPageLink"/>
    <linkSource sourcePageID="9ACA7FF7-CBF3-45C4-A694-84F40EFAF072" comID="884873EF-10DC-4202-A18F-56551A885558" comLinkType="cltPageLink"/>
    <linkSource sourcePageID="3E70FF15-763D-4ABF-92F7-4199A0EE6462" comID="C8691CE1-BC79-408C-B8B2-934A2DDFBE36" comLinkType="cltPageLink"/>
    <linkSource sourcePageID="5CF8C861-A129-4EE7-B4A8-FDE5DA26EE38" comID="A4749E3C-1708-45A5-896B-567978667185" comLinkType="cltPageLink"/>
    <linkSource sourcePageID="07C65BDD-CB33-495A-B446-DDBAC79CD7DF" comID="85B179B7-B5A5-4FAF-918B-5EA13771F435" comLinkType="cltPageLink"/>
    <linkSource sourcePageID="EA9BAA03-FDE0-4419-905E-E7641D61BC7D" comID="85B179B7-B5A5-4FAF-918B-5EA13771F435" comLinkType="cltPageLink"/>
    <linkSource sourcePageID="694CAFFE-5108-45AA-92E2-2C46D242C436" comID="92BD5CC6-A9D0-4A90-BD45-6DDF70BD99F5" comLinkType="cltPageLink"/>
    <linkSource sourcePageID="694CAFFE-5108-45AA-92E2-2C46D242C436" comID="D01933BF-D198-4936-A555-5684E3C36B99" comLinkType="cltPageLink"/>
    <linkSource sourcePageID="F9396176-96FA-462C-8BBD-E18D724F2711" comID="CC40B92A-CCA5-411C-8278-ECFB3D696E37" comLinkType="cltPageLink"/>
    <linkSource sourcePageID="6FF4B8D0-0093-4F51-9043-DE9FF072E5EF" comID="CC40B92A-CCA5-411C-8278-ECFB3D696E37" comLinkType="cltPageLink"/>
    <linkSource sourcePageID="6FF4B8D0-0093-4F51-9043-DE9FF072E5EF" comID="A0D15376-3BEC-4DE2-9A55-2DFDFD4BBCF7" comLinkType="cltPageLink"/>
    <linkSource sourcePageID="694CAFFE-5108-45AA-92E2-2C46D242C436" comID="FC2B1C8F-D7EC-4F9F-AAF0-2B7563CDB312" comLinkType="cltPageLink"/>
    <linkSource sourcePageID="694CAFFE-5108-45AA-92E2-2C46D242C436" comID="78C0AFAE-AA7B-43AA-8609-AE3F49DF0D21" comLinkType="cltPageLink"/>
    <linkSource sourcePageID="9D5E73F7-E31E-4697-9242-611B6241C7CE" comID="D01933BF-D198-4936-A555-5684E3C36B99" comLinkType="cltPageLink"/>
    <linkSource sourcePageID="C03DE62D-75B5-4491-83C0-B246B3A17B99" comID="D01933BF-D198-4936-A555-5684E3C36B99" comLinkType="cltPageLink"/>
    <linkSource sourcePageID="664FAEA8-BECB-4CFE-951C-3AF818766084" comID="D01933BF-D198-4936-A555-5684E3C36B99" comLinkType="cltPageLink"/>
  </page>
  <page ID="6FF4B8D0-0093-4F51-9043-DE9FF072E5EF">
    <linkSource sourcePageID="6FF4B8D0-0093-4F51-9043-DE9FF072E5EF" comID="0BFB0975-D11F-445C-93F7-A59C38F47729" comLinkType="cltPageLink"/>
    <linkSource sourcePageID="3E70FF15-763D-4ABF-92F7-4199A0EE6462" comID="588D2F05-D581-4D88-ACA1-86B9323122BE" comLinkType="cltPageLink"/>
  </page>
</LinkSources>